example,uuid,all_frames
./data/images/012a28c8-7c34-4ea1-85b9-42df2166f7b7.jpg,012a28c8-7c34-4ea1-85b9-42df2166f7b7,"capacity and resources, health and safety, none"
./data/images/031a70fb-6456-4dd2-b966-196411352b7d.jpg,031a70fb-6456-4dd2-b966-196411352b7d,"security and defense, crime and punishment, none"
./data/images/04420fb0-8479-4b4d-b014-27408a4b0bd2.jpg,04420fb0-8479-4b4d-b014-27408a4b0bd2,"health and safety, none"
./data/images/04ad1d76-8550-4634-9d10-e710ac4a2ca6.jpg,04ad1d76-8550-4634-9d10-e710ac4a2ca6,"political, public opinion, none"
./data/images/080411d9-41cd-40e2-b0ca-d530e55173ac.jpg,080411d9-41cd-40e2-b0ca-d530e55173ac,"crime and punishment, none"
./data/images/0a6a65fe-1529-46b2-a301-354dfa34f315.jpg,0a6a65fe-1529-46b2-a301-354dfa34f315,"health and safety, health and safety"
./data/images/0b3aa94d-f3c7-4dab-9790-73761573d46f.jpg,0b3aa94d-f3c7-4dab-9790-73761573d46f,"none, none"
./data/images/0be9b862-0e8b-4098-975d-382d2dd8dfa0.jpg,0be9b862-0e8b-4098-975d-382d2dd8dfa0,"security and defense, crime and punishment, security and defense"
./data/images/0ca56725-d093-480e-9d9e-cc3cb227a0f9.jpg,0ca56725-d093-480e-9d9e-cc3cb227a0f9,"none, none"
./data/images/0e5f3b4e-1080-483b-8a78-7a2c4559b293.jpg,0e5f3b4e-1080-483b-8a78-7a2c4559b293,"capacity and resources, health and safety, quality of life, economic"
./data/images/11058a8a-af11-41db-8086-94fa0f11114c.jpg,11058a8a-af11-41db-8086-94fa0f11114c,"cultural identity, cultural identity"
./data/images/11bc8b70-3aee-49e6-8341-c9b3274763e2.jpg,11bc8b70-3aee-49e6-8341-c9b3274763e2,"health and safety, none"
./data/images/132275f5-9a13-45c2-af3c-2dc954f10c1b.jpg,132275f5-9a13-45c2-af3c-2dc954f10c1b,"cultural identity, cultural identity"
./data/images/13b599f3-89bb-4b45-af51-28c0c202e905.jpg,13b599f3-89bb-4b45-af51-28c0c202e905,"none, quality of life"
./data/images/1403304e-bd52-430b-b68c-24e491b64264.jpg,1403304e-bd52-430b-b68c-24e491b64264,"quality of life, quality of life, economic"
./data/images/1470c8c3-978b-460a-897f-26f9301559de.jpg,1470c8c3-978b-460a-897f-26f9301559de,"capacity and resources, cultural identity"
./data/images/14a36f44-2e64-4041-9a3c-68fd0238489d.jpg,14a36f44-2e64-4041-9a3c-68fd0238489d,"none, none"
./data/images/14e25239-c0e5-4c3e-b65b-35017e456c20.jpg,14e25239-c0e5-4c3e-b65b-35017e456c20,"political, political"
./data/images/14f8231d-54ac-4a81-a336-001d7d14b733.jpg,14f8231d-54ac-4a81-a336-001d7d14b733,"political, security and defense, legality, constitutionality and jurisprudence, public opinion, crime and punishment, security and defense"
./data/images/15625a74-65a8-4073-ab64-eee86671e14f.jpg,15625a74-65a8-4073-ab64-eee86671e14f,"political, public opinion, political"
./data/images/156506c2-5e1c-4dc6-bcd5-be76061aef6a.jpg,156506c2-5e1c-4dc6-bcd5-be76061aef6a,"quality of life, capacity and resources, health and safety, quality of life"
./data/images/15b7c1b6-b38c-46ec-aa9b-86a13c47917b.jpg,15b7c1b6-b38c-46ec-aa9b-86a13c47917b,"economic, economic"
./data/images/16a91e31-9344-45db-9d4c-21d5fce043b4.jpg,16a91e31-9344-45db-9d4c-21d5fce043b4,"security and defense, crime and punishment, none"
./data/images/177c7db1-9950-41d0-8a9c-336605fc4418.jpg,177c7db1-9950-41d0-8a9c-336605fc4418,"cultural identity, external regulation and reputation, political, public opinion"
./data/images/18c19e01-7aef-42ef-b2ad-30b4a634a0a6.jpg,18c19e01-7aef-42ef-b2ad-30b4a634a0a6,"health and safety, none"
./data/images/19f55748-715b-4422-8d1b-de6c94747acd.jpg,19f55748-715b-4422-8d1b-de6c94747acd,"none, none"
./data/images/1a1a5fb8-a108-4e43-8f7f-481e366a2490.jpg,1a1a5fb8-a108-4e43-8f7f-481e366a2490,"health and safety, crime and punishment, health and safety"
./data/images/1a780e46-ff21-40e5-83e3-6c9216898e78.jpg,1a780e46-ff21-40e5-83e3-6c9216898e78,"cultural identity, quality of life, cultural identity"
./data/images/1abb96e0-f965-49ae-b694-829de0c7a959.jpg,1abb96e0-f965-49ae-b694-829de0c7a959,"public opinion, none"
./data/images/1bbf1867-d074-4cde-a551-3f2d9358d990.jpg,1bbf1867-d074-4cde-a551-3f2d9358d990,"security and defense, crime and punishment, security and defense"
./data/images/1c42b050-c4ae-44a6-8fe6-ae07f78d8f95.jpg,1c42b050-c4ae-44a6-8fe6-ae07f78d8f95,"security and defense, health and safety, crime and punishment, security and defense, crime and punishment"
./data/images/1cc49635-883f-408d-86b0-17ed6c9325f3.jpg,1cc49635-883f-408d-86b0-17ed6c9325f3,"public opinion, cultural identity, none"
./data/images/1ec54065-eb7d-45d9-b9ec-2abc4134df5b.jpg,1ec54065-eb7d-45d9-b9ec-2abc4134df5b,"none, none"
./data/images/1efc80ca-058b-4756-8285-25c9732282df.jpg,1efc80ca-058b-4756-8285-25c9732282df,"cultural identity, cultural identity"
./data/images/201e88e2-77e3-4999-99db-a7681e56ad6f.jpg,201e88e2-77e3-4999-99db-a7681e56ad6f,"security and defense, security and defense"
./data/images/211fcb2b-dc83-45c1-8bcd-e9e34ea8ec46.jpg,211fcb2b-dc83-45c1-8bcd-e9e34ea8ec46,"quality of life, health and safety, quality of life"
./data/images/2259de42-57b8-4ef8-a5a1-a9f5422aa789.jpg,2259de42-57b8-4ef8-a5a1-a9f5422aa789,"health and safety, morality, morality, cultural identity"
./data/images/247b2870-a773-4a7d-bf42-7c824580a5aa.jpg,247b2870-a773-4a7d-bf42-7c824580a5aa,"quality of life, capacity and resources, health and safety, none"
./data/images/247e332d-2aaf-4a48-9e57-8482a9874f9a.jpg,247e332d-2aaf-4a48-9e57-8482a9874f9a,"health and safety, health and safety"
./data/images/269ca2c9-fb52-4710-bc1f-ccacd70c40bb.jpg,269ca2c9-fb52-4710-bc1f-ccacd70c40bb,"none, cultural identity"
./data/images/2b6c0ba0-9883-4bae-a700-5d2a201e5de9.jpg,2b6c0ba0-9883-4bae-a700-5d2a201e5de9,"quality of life, cultural identity, none"
./data/images/2c53e957-02de-4ef3-bf10-ae4768b77009.jpg,2c53e957-02de-4ef3-bf10-ae4768b77009,"fairness and equality, public opinion, crime and punishment, political, public opinion"
./data/images/2c68dda3-ab53-469a-bcd4-21f032127301.jpg,2c68dda3-ab53-469a-bcd4-21f032127301,"external regulation and reputation, political, cultural identity, external regulation and reputation"
./data/images/2d1c4aab-0a4d-4bad-b00f-1dcbb88d1e35.jpg,2d1c4aab-0a4d-4bad-b00f-1dcbb88d1e35,"none, none"
./data/images/2d26ab26-4bf7-42fd-b067-12316da20ade.jpg,2d26ab26-4bf7-42fd-b067-12316da20ade,"none, none"
./data/images/2dbb392f-fce4-489b-aa95-c9b00030b7d8.jpg,2dbb392f-fce4-489b-aa95-c9b00030b7d8,"none, none"
./data/images/2dc3ce67-3549-41f5-a4d1-6fc67baa8f68.jpg,2dc3ce67-3549-41f5-a4d1-6fc67baa8f68,"quality of life, none"
./data/images/2e54fabe-5901-4294-a3d4-8c1b462cfa36.jpg,2e54fabe-5901-4294-a3d4-8c1b462cfa36,"none, policy prescription and evaluation"
./data/images/2eef5d28-1c66-4deb-859b-288703a5280c.jpg,2eef5d28-1c66-4deb-859b-288703a5280c,"quality of life, health and safety, public opinion, political, security and defense, morality"
./data/images/2f86d516-e78e-49fa-89e4-fc1bdf7076b2.jpg,2f86d516-e78e-49fa-89e4-fc1bdf7076b2,"political, cultural identity, political"
./data/images/3012df5e-1f31-4cb7-b16e-3d627aa770e8.jpg,3012df5e-1f31-4cb7-b16e-3d627aa770e8,"none, quality of life"
./data/images/30b34e40-e295-4f41-8dfa-9db98d94112b.jpg,30b34e40-e295-4f41-8dfa-9db98d94112b,"quality of life, cultural identity, none"
./data/images/3172e72c-04ff-47b1-9666-e0fa84b8d8b6.jpg,3172e72c-04ff-47b1-9666-e0fa84b8d8b6,"political, public opinion, none"
./data/images/3265bda5-e829-4012-8783-abb64e8e63a2.jpg,3265bda5-e829-4012-8783-abb64e8e63a2,"cultural identity, quality of life, cultural identity"
./data/images/34398346-0f86-4d9e-bcd9-edda8efa34cb.jpg,34398346-0f86-4d9e-bcd9-edda8efa34cb,"cultural identity, cultural identity"
./data/images/3610905c-439f-4d13-b234-6eea3345bf5c.jpg,3610905c-439f-4d13-b234-6eea3345bf5c,"public opinion, public opinion"
./data/images/3787451f-7fe2-4991-b7e6-e164fa785bd6.jpg,3787451f-7fe2-4991-b7e6-e164fa785bd6,"none, political"
./data/images/3b9d6948-7b1e-4008-97b9-5d331edae91a.jpg,3b9d6948-7b1e-4008-97b9-5d331edae91a,"health and safety, legality, constitutionality and jurisprudence, morality, fairness and equality, public opinion"
./data/images/3c0d0c20-fa8a-4555-bffb-86f6c6b47a61.jpg,3c0d0c20-fa8a-4555-bffb-86f6c6b47a61,"political, none"
./data/images/3d63c347-dfa5-4bed-8a2b-6e8412e9662e.jpg,3d63c347-dfa5-4bed-8a2b-6e8412e9662e,"none, none"
./data/images/3ee50edd-0e03-4222-a525-3b7b3a05b426.jpg,3ee50edd-0e03-4222-a525-3b7b3a05b426,"political, public opinion, political"
./data/images/3f425548-afb8-49f7-9c58-9b2542afb840.jpg,3f425548-afb8-49f7-9c58-9b2542afb840,"political, none"
./data/images/45a4e5b0-12bc-43ec-a74e-f4d957f10bbe.jpg,45a4e5b0-12bc-43ec-a74e-f4d957f10bbe,"capacity and resources, health and safety, none"
./data/images/474c63af-93a2-4779-aae3-15b59dabb3ad.jpg,474c63af-93a2-4779-aae3-15b59dabb3ad,"security and defense, crime and punishment, security and defense, crime and punishment"
./data/images/483f822f-d464-49d0-a0ec-20dfcb6b3d10.jpg,483f822f-d464-49d0-a0ec-20dfcb6b3d10,"none, none"
./data/images/485c63fb-df66-4de5-b6f8-6128407d17c7.jpg,485c63fb-df66-4de5-b6f8-6128407d17c7,"political, political, external regulation and reputation"
./data/images/49f2aa62-a79e-4d89-99f0-2f05e6b23d25.jpg,49f2aa62-a79e-4d89-99f0-2f05e6b23d25,"cultural identity, quality of life"
./data/images/4a87b049-0127-46c4-bceb-15a1fd24cef7.jpg,4a87b049-0127-46c4-bceb-15a1fd24cef7,"political, public opinion, political"
./data/images/4ac0ecb7-025c-4491-b292-0b3d8f7c7193.jpg,4ac0ecb7-025c-4491-b292-0b3d8f7c7193,"public opinion, political, public opinion"
./data/images/4b69c8f5-86b6-4a86-8443-ea7718e83626.jpg,4b69c8f5-86b6-4a86-8443-ea7718e83626,"capacity and resources, none"
./data/images/4b9ec936-ba33-49ae-a944-6503ea34b313.jpg,4b9ec936-ba33-49ae-a944-6503ea34b313,"political, fairness and equality, cultural identity, political, security and defense, fairness and equality, public opinion"
./data/images/4bfeb0bb-aa75-4a7a-bcae-d1a4a4350c46.jpg,4bfeb0bb-aa75-4a7a-bcae-d1a4a4350c46,"none, none"
./data/images/4c1ed2e6-cf5c-4bbd-a996-24e948d9b272.jpg,4c1ed2e6-cf5c-4bbd-a996-24e948d9b272,"policy prescription and evaluation, legality, constitutionality and jurisprudence, policy prescription and evaluation, public opinion"
./data/images/4c7c759d-514d-483c-ba5f-3c004368bc0f.jpg,4c7c759d-514d-483c-ba5f-3c004368bc0f,"health and safety, crime and punishment, security and defense"
./data/images/4c890f0d-6385-449e-a518-0b7bf03ff3f6.jpg,4c890f0d-6385-449e-a518-0b7bf03ff3f6,"public opinion, none"
./data/images/4d354a22-b2c7-4015-ad08-7f10e458cd87.jpg,4d354a22-b2c7-4015-ad08-7f10e458cd87,"security and defense, crime and punishment, security and defense, crime and punishment"
./data/images/4e5b14c4-abfa-47ee-a52c-7037ff799a4d.jpg,4e5b14c4-abfa-47ee-a52c-7037ff799a4d,"quality of life, cultural identity, cultural identity"
./data/images/4eb0d38f-3944-46e7-8b5d-b6076acdefdd.jpg,4eb0d38f-3944-46e7-8b5d-b6076acdefdd,"cultural identity, cultural identity"
./data/images/50d183f3-81ee-493c-8206-0ba8f46d047c.jpg,50d183f3-81ee-493c-8206-0ba8f46d047c,"quality of life, cultural identity, none"
./data/images/50edf513-e959-418f-b151-2997fb2f4f75.jpg,50edf513-e959-418f-b151-2997fb2f4f75,"external regulation and reputation, external regulation and reputation"
./data/images/5141d64c-1566-4529-84c2-210ce3f7d6e4.jpg,5141d64c-1566-4529-84c2-210ce3f7d6e4,"quality of life, cultural identity, cultural identity"
./data/images/5147718c-60ee-4676-a09e-ad25b95bd344.jpg,5147718c-60ee-4676-a09e-ad25b95bd344,"capacity and resources, economic, economic"
./data/images/51eed6aa-9446-41c3-9e21-30eaa2406b9b.jpg,51eed6aa-9446-41c3-9e21-30eaa2406b9b,"cultural identity, none"
./data/images/54100bb0-bb43-4ea2-87bf-1c2467de53d3.jpg,54100bb0-bb43-4ea2-87bf-1c2467de53d3,"quality of life, none"
./data/images/54f2d5cb-b1f7-4a28-a3c9-52b69a1686ef.jpg,54f2d5cb-b1f7-4a28-a3c9-52b69a1686ef,"health and safety, health and safety"
./data/images/5511bb17-a02a-4900-8d6a-bbeda4e25d17.jpg,5511bb17-a02a-4900-8d6a-bbeda4e25d17,"morality, public opinion, morality, cultural identity"
./data/images/56459e3a-3b51-4d00-8217-6e4ce2709ccd.jpg,56459e3a-3b51-4d00-8217-6e4ce2709ccd,"security and defense, crime and punishment, security and defense"
./data/images/5654a027-9be3-404b-88f6-cc80ff56bc6f.jpg,5654a027-9be3-404b-88f6-cc80ff56bc6f,"external regulation and reputation, cultural identity"
./data/images/58478711-415f-40f6-ab4c-d6af35cd9a36.jpg,58478711-415f-40f6-ab4c-d6af35cd9a36,"political, political"
./data/images/58c2d191-bbfc-4b05-a54f-75ccc26c08a8.jpg,58c2d191-bbfc-4b05-a54f-75ccc26c08a8,"legality, constitutionality and jurisprudence, legality, constitutionality and jurisprudence"
./data/images/59374504-6ad9-4ca9-87a9-2822a2a399c4.jpg,59374504-6ad9-4ca9-87a9-2822a2a399c4,"quality of life, security and defense, policy prescription and evaluation, fairness and equality, quality of life, security and defense, policy prescription and evaluation"
./data/images/5af50732-522f-4e97-a339-b1a99ff54001.jpg,5af50732-522f-4e97-a339-b1a99ff54001,"quality of life, cultural identity, none"
./data/images/5b532428-3f77-42c2-a51d-584a220bc343.jpg,5b532428-3f77-42c2-a51d-584a220bc343,"quality of life, none"
./data/images/5be30564-4e33-4911-82c9-74774999a8cc.jpg,5be30564-4e33-4911-82c9-74774999a8cc,"none, none"
./data/images/5cabf216-14a1-4d38-bcf9-9e65b6d96afc.jpg,5cabf216-14a1-4d38-bcf9-9e65b6d96afc,"public opinion, none"
./data/images/5d0388af-7ae5-4d62-88d1-787a60632f83.jpg,5d0388af-7ae5-4d62-88d1-787a60632f83,"political, public opinion, none"
./data/images/5dbc5541-9918-49f8-8817-0c2a0bd4a093.jpg,5dbc5541-9918-49f8-8817-0c2a0bd4a093,"none, quality of life, economic"
./data/images/5e711a29-4f6e-458a-8287-3365f062e991.jpg,5e711a29-4f6e-458a-8287-3365f062e991,"political, public opinion, political, public opinion"
./data/images/5f92ac54-2b80-4b84-9690-5347d15fd248.jpg,5f92ac54-2b80-4b84-9690-5347d15fd248,"capacity and resources, none"
./data/images/60029099-7bc4-4ef4-aa25-563228f7cdb3.jpg,60029099-7bc4-4ef4-aa25-563228f7cdb3,"fairness and equality, legality, constitutionality and jurisprudence, fairness and equality, public opinion"
./data/images/60d3d270-af8f-41b6-b6f0-3e4333e4b327.jpg,60d3d270-af8f-41b6-b6f0-3e4333e4b327,"health and safety, none"
./data/images/626e381b-d00e-44a6-ae58-d03b63ec31cf.jpg,626e381b-d00e-44a6-ae58-d03b63ec31cf,"economic, economic"
./data/images/636ee5ce-b262-4424-8ec2-769eb084ef0a.jpg,636ee5ce-b262-4424-8ec2-769eb084ef0a,"legality, constitutionality and jurisprudence, legality, constitutionality and jurisprudence"
./data/images/647971c1-e166-4b1f-98ad-36d73f1ade2d.jpg,647971c1-e166-4b1f-98ad-36d73f1ade2d,"none, none"
./data/images/64886017-b960-4be8-a926-a82060ffcd6b.jpg,64886017-b960-4be8-a926-a82060ffcd6b,"none, none"
./data/images/656407fd-23d1-4f43-b534-4aa29d423864.jpg,656407fd-23d1-4f43-b534-4aa29d423864,"none, cultural identity"
./data/images/6608ceb8-6668-41b0-8a19-f84bc5a4b7f6.jpg,6608ceb8-6668-41b0-8a19-f84bc5a4b7f6,"capacity and resources, health and safety, health and safety"
./data/images/66359f5d-68fd-4a8d-ba40-c6dfc5eebd8f.jpg,66359f5d-68fd-4a8d-ba40-c6dfc5eebd8f,"external regulation and reputation, political"
./data/images/66649e8b-bf98-4576-ab28-9724f73d50c1.jpg,66649e8b-bf98-4576-ab28-9724f73d50c1,"cultural identity, cultural identity"
./data/images/66c13b5b-4979-4933-8fa9-d2690024d679.jpg,66c13b5b-4979-4933-8fa9-d2690024d679,"cultural identity, crime and punishment, cultural identity"
./data/images/67430155-2751-47e5-92af-4172bbee72ea.jpg,67430155-2751-47e5-92af-4172bbee72ea,"capacity and resources, quality of life, capacity and resources"
./data/images/6987dbf7-7621-4780-a283-757caf40a1dc.jpg,6987dbf7-7621-4780-a283-757caf40a1dc,"cultural identity, cultural identity"
./data/images/69d4e1b0-5740-4c14-8be4-df7c9dd8121f.jpg,69d4e1b0-5740-4c14-8be4-df7c9dd8121f,"quality of life, cultural identity, cultural identity"
./data/images/6af157c3-23fc-4abd-8ba6-e8b1fc26b2b9.jpg,6af157c3-23fc-4abd-8ba6-e8b1fc26b2b9,"public opinion, none"
./data/images/6c648a70-0b6a-445f-81ad-fa94f74b0e61.jpg,6c648a70-0b6a-445f-81ad-fa94f74b0e61,"political, public opinion, public opinion"
./data/images/6d27ce1f-fbef-45be-9caa-2d09891e4548.jpg,6d27ce1f-fbef-45be-9caa-2d09891e4548,"political, policy prescription and evaluation, legality, constitutionality and jurisprudence, morality, policy prescription and evaluation, fairness and equality, morality"
./data/images/6e3ccef6-9b08-4184-974e-18e30bfae52a.jpg,6e3ccef6-9b08-4184-974e-18e30bfae52a,"health and safety, health and safety"
./data/images/6f50df1c-1fd8-4673-83a6-185ad3cb601e.jpg,6f50df1c-1fd8-4673-83a6-185ad3cb601e,"health and safety, health and safety"
./data/images/71466c1a-cc64-430f-8035-a0e0bf1261e4.jpg,71466c1a-cc64-430f-8035-a0e0bf1261e4,"quality of life, cultural identity, none"
./data/images/7146a81a-30ac-411f-9980-ddbf1ea80cab.jpg,7146a81a-30ac-411f-9980-ddbf1ea80cab,"public opinion, public opinion"
./data/images/72dae0c4-d80c-45ba-a76a-ea043e7f210c.jpg,72dae0c4-d80c-45ba-a76a-ea043e7f210c,"capacity and resources, cultural identity, health and safety"
./data/images/73ca0e5b-e07f-4e85-8aed-2ad4a18fbe61.jpg,73ca0e5b-e07f-4e85-8aed-2ad4a18fbe61,"cultural identity, cultural identity"
./data/images/751c11a1-4937-4082-8d67-2751e32e6009.jpg,751c11a1-4937-4082-8d67-2751e32e6009,"economic, economic"
./data/images/75f23cae-469f-4ad5-b6bc-b86c41032bdf.jpg,75f23cae-469f-4ad5-b6bc-b86c41032bdf,"cultural identity, none"
./data/images/76246247-c3e7-43bb-9d98-1ac0b4347857.jpg,76246247-c3e7-43bb-9d98-1ac0b4347857,"morality, none"
./data/images/774a1c41-6df9-4067-b279-40a17bd303d1.jpg,774a1c41-6df9-4067-b279-40a17bd303d1,"quality of life, health and safety, quality of life"
./data/images/7852ed2e-6da0-4fbd-b993-43abc782d4eb.jpg,7852ed2e-6da0-4fbd-b993-43abc782d4eb,"political, morality, policy prescription and evaluation, legality, constitutionality and jurisprudence"
./data/images/78951db5-792e-4734-b4f6-8b9b8f33706b.jpg,78951db5-792e-4734-b4f6-8b9b8f33706b,"none, quality of life"
./data/images/78a27510-bd67-4944-b881-392e98d1c50c.jpg,78a27510-bd67-4944-b881-392e98d1c50c,"quality of life, capacity and resources, capacity and resources"
./data/images/78a3dc65-eae9-40d2-baed-32e390fa6885.jpg,78a3dc65-eae9-40d2-baed-32e390fa6885,"cultural identity, none"
./data/images/78ba9ce9-fbf1-4873-838b-23a468976032.jpg,78ba9ce9-fbf1-4873-838b-23a468976032,"political, external regulation and reputation, political"
./data/images/7972ad67-78ea-40e4-9d5c-d9cffcdbf296.jpg,7972ad67-78ea-40e4-9d5c-d9cffcdbf296,"security and defense, crime and punishment, none"
./data/images/7a03f1f3-1516-4467-8030-ff8d8f3d0f79.jpg,7a03f1f3-1516-4467-8030-ff8d8f3d0f79,"quality of life, none"
./data/images/7b05a2c5-c4ef-44c9-b437-b2ca7240dc35.jpg,7b05a2c5-c4ef-44c9-b437-b2ca7240dc35,"political, public opinion, political"
./data/images/7b0ca74d-31f9-46a7-b557-137c955f8290.jpg,7b0ca74d-31f9-46a7-b557-137c955f8290,"political, security and defense, health and safety, political, security and defense"
./data/images/7c211790-f4a0-453e-a738-d5f87acc83a5.jpg,7c211790-f4a0-453e-a738-d5f87acc83a5,"none, none"
./data/images/7cceb62e-3484-464b-b1e7-6f8c92a203d4.jpg,7cceb62e-3484-464b-b1e7-6f8c92a203d4,"political, public opinion, crime and punishment, crime and punishment"
./data/images/7d3f69c9-c394-49c3-844f-36c93221a1b8.jpg,7d3f69c9-c394-49c3-844f-36c93221a1b8,"quality of life, cultural identity, cultural identity"
./data/images/7e67bf96-336a-4dfd-8282-40ad3e65f394.jpg,7e67bf96-336a-4dfd-8282-40ad3e65f394,"security and defense, crime and punishment, crime and punishment"
./data/images/7fa397b8-2d76-48cc-b01d-5d49b3d6321a.jpg,7fa397b8-2d76-48cc-b01d-5d49b3d6321a,"political, cultural identity, political"
./data/images/7fefe077-6f25-4468-8628-a9935332d64f.jpg,7fefe077-6f25-4468-8628-a9935332d64f,"cultural identity, none"
./data/images/81ad31ea-4560-4d6d-8046-6012a2e3f764.jpg,81ad31ea-4560-4d6d-8046-6012a2e3f764,"security and defense, none"
./data/images/81bb3213-06ad-4b29-b686-f3f91e56e1fd.jpg,81bb3213-06ad-4b29-b686-f3f91e56e1fd,"quality of life, cultural identity, cultural identity"
./data/images/81f0427b-5216-4d72-84ce-5db86f02ae28.jpg,81f0427b-5216-4d72-84ce-5db86f02ae28,"none, none"
./data/images/8230cc1e-62ee-4ccc-a765-067db4eb1888.jpg,8230cc1e-62ee-4ccc-a765-067db4eb1888,"political, political, policy prescription and evaluation, external regulation and reputation"
./data/images/823a12dc-b45a-42d1-92d3-9676a9591aa3.jpg,823a12dc-b45a-42d1-92d3-9676a9591aa3,"cultural identity, cultural identity"
./data/images/82488002-d4fc-4500-9f95-a4915680138c.jpg,82488002-d4fc-4500-9f95-a4915680138c,"political, security and defense, political, security and defense"
./data/images/83094c92-4350-45e0-b371-03192f914e92.jpg,83094c92-4350-45e0-b371-03192f914e92,"capacity and resources, security and defense, public opinion, security and defense, cultural identity"
./data/images/837a108e-1347-4e1a-bd6e-a8799817ca34.jpg,837a108e-1347-4e1a-bd6e-a8799817ca34,"public opinion, cultural identity, cultural identity"
./data/images/83cbe3cb-48b8-4f7d-83df-1e9681d93fc9.jpg,83cbe3cb-48b8-4f7d-83df-1e9681d93fc9,"public opinion, crime and punishment, fairness and equality, public opinion"
./data/images/841b0f2b-eb75-41e4-a483-98340d27db13.jpg,841b0f2b-eb75-41e4-a483-98340d27db13,"health and safety, none"
./data/images/86ed2d0a-d48a-407b-b1f1-8c0a31d89c8d.jpg,86ed2d0a-d48a-407b-b1f1-8c0a31d89c8d,"cultural identity, quality of life, public opinion"
./data/images/87412eb7-fde9-4836-b39d-4210e142b48f.jpg,87412eb7-fde9-4836-b39d-4210e142b48f,"cultural identity, none"
./data/images/892a29d0-0f7b-47d1-acc7-00d1181e12e6.jpg,892a29d0-0f7b-47d1-acc7-00d1181e12e6,"cultural identity, cultural identity"
./data/images/8946c6c5-020f-48af-baa4-5bd29aa15d1f.jpg,8946c6c5-020f-48af-baa4-5bd29aa15d1f,"none, none"
./data/images/8a5be95e-0f5f-482d-8311-5b2bb56ddbea.jpg,8a5be95e-0f5f-482d-8311-5b2bb56ddbea,"health and safety, crime and punishment, health and safety"
./data/images/8aaf9309-b194-4e07-9a4b-be4516807674.jpg,8aaf9309-b194-4e07-9a4b-be4516807674,"quality of life, none"
./data/images/8aec485c-7387-4e83-88dc-efb5fb856298.jpg,8aec485c-7387-4e83-88dc-efb5fb856298,"security and defense, legality, constitutionality and jurisprudence, economic, security and defense, legality, constitutionality and jurisprudence"
./data/images/8b6ef429-e84d-4bd0-8cc3-ca3fc5f91032.jpg,8b6ef429-e84d-4bd0-8cc3-ca3fc5f91032,"fairness and equality, public opinion, none"
./data/images/8b71a01b-6c5a-4a0c-a369-8c6aa33eeeca.jpg,8b71a01b-6c5a-4a0c-a369-8c6aa33eeeca,"capacity and resources, none"
./data/images/8c551a14-30b3-40cf-a4f9-f5262280779a.jpg,8c551a14-30b3-40cf-a4f9-f5262280779a,"none, none"
./data/images/8c6c04b0-f1f3-464d-951c-cb5bf666ad73.jpg,8c6c04b0-f1f3-464d-951c-cb5bf666ad73,"health and safety, none"
./data/images/8cb69274-0dcc-4c28-95a0-60bee1ccdeff.jpg,8cb69274-0dcc-4c28-95a0-60bee1ccdeff,"public opinion, public opinion"
./data/images/8d805300-3e96-4b2a-91a6-a84a1647abca.jpg,8d805300-3e96-4b2a-91a6-a84a1647abca,"political, political"
./data/images/8f49241e-a197-4465-bc17-d0e6583a09c8.jpg,8f49241e-a197-4465-bc17-d0e6583a09c8,"none, none"
./data/images/8ff32ecd-71dd-404b-87cc-2905748864c5.jpg,8ff32ecd-71dd-404b-87cc-2905748864c5,"political, political"
./data/images/91c7f389-c67d-4bb0-9a19-afccbea78477.jpg,91c7f389-c67d-4bb0-9a19-afccbea78477,"political, morality, cultural identity, morality, cultural identity"
./data/images/9233818f-0e05-40bd-b56b-da7cce60fb35.jpg,9233818f-0e05-40bd-b56b-da7cce60fb35,"public opinion, public opinion"
./data/images/931fe0c6-2b05-47e4-a65f-f89f2fc3e673.jpg,931fe0c6-2b05-47e4-a65f-f89f2fc3e673,"quality of life, quality of life"
./data/images/9325dd45-6c5d-4118-9b30-45e346870095.jpg,9325dd45-6c5d-4118-9b30-45e346870095,"political, political"
./data/images/9372900b-b33c-4f34-aec0-9c3a7e473f3e.jpg,9372900b-b33c-4f34-aec0-9c3a7e473f3e,"none, none"
./data/images/94777ded-df33-4f3e-9350-3553caf1660b.jpg,94777ded-df33-4f3e-9350-3553caf1660b,"political, none"
./data/images/947e6162-c503-45e7-86cf-c51d1456648f.jpg,947e6162-c503-45e7-86cf-c51d1456648f,"political, political"
./data/images/947e9be7-4e2e-408a-8ae8-36a345d6683c.jpg,947e9be7-4e2e-408a-8ae8-36a345d6683c,"quality of life, capacity and resources, cultural identity, none"
./data/images/9887a8a0-ca40-4215-808a-4dbd7dc1bb8c.jpg,9887a8a0-ca40-4215-808a-4dbd7dc1bb8c,"health and safety, crime and punishment, none"
./data/images/99b80069-0c16-490a-aeaf-cf5852b1e3ac.jpg,99b80069-0c16-490a-aeaf-cf5852b1e3ac,"political, fairness and equality, public opinion, public opinion"
./data/images/9a735c8d-283e-4346-8bb0-f5f474a47d50.jpg,9a735c8d-283e-4346-8bb0-f5f474a47d50,"none, none"
./data/images/9a8cf2d8-2fbc-4c34-ace3-70cf864667f6.jpg,9a8cf2d8-2fbc-4c34-ace3-70cf864667f6,"quality of life, health and safety, crime and punishment"
./data/images/9a9d6679-4dfc-4c48-b437-603f3631c202.jpg,9a9d6679-4dfc-4c48-b437-603f3631c202,"none, quality of life"
./data/images/9b3287e6-caf4-450a-acba-2699bbf1f59f.jpg,9b3287e6-caf4-450a-acba-2699bbf1f59f,"security and defense, health and safety, none"
./data/images/9b86f45a-71d1-4775-ac99-e9c65b3607ab.jpg,9b86f45a-71d1-4775-ac99-e9c65b3607ab,"capacity and resources, none"
./data/images/9bfe5785-207d-4ee5-927a-6ed900ae5d50.jpg,9bfe5785-207d-4ee5-927a-6ed900ae5d50,"quality of life, none"
./data/images/9de8c80f-f891-4f98-a2a8-e6e93ab92d7a.jpg,9de8c80f-f891-4f98-a2a8-e6e93ab92d7a,"none, none"
./data/images/9ebcfe80-a40c-44b2-9e4f-726b37f24e5d.jpg,9ebcfe80-a40c-44b2-9e4f-726b37f24e5d,"capacity and resources, none"
./data/images/9edaa4ee-9af8-4d27-b680-056eb9c456c9.jpg,9edaa4ee-9af8-4d27-b680-056eb9c456c9,"political, political"
./data/images/a156108e-bb1a-4a47-b9e5-5bb3526b6ed8.jpg,a156108e-bb1a-4a47-b9e5-5bb3526b6ed8,"political, public opinion, none"
./data/images/a21588f9-279c-4f9c-ae39-f832198a5990.jpg,a21588f9-279c-4f9c-ae39-f832198a5990,"health and safety, security and defense, crime and punishment"
./data/images/a32e9854-4710-483f-8dfb-e0077567e08a.jpg,a32e9854-4710-483f-8dfb-e0077567e08a,"none, none"
./data/images/a34661d2-9215-4e02-8c25-1ec95c73cb62.jpg,a34661d2-9215-4e02-8c25-1ec95c73cb62,"political, political"
./data/images/a3838535-c3ba-4350-b8d6-26fa0f5ff4d5.jpg,a3838535-c3ba-4350-b8d6-26fa0f5ff4d5,"political, security and defense, external regulation and reputation"
./data/images/a3df7f93-24c8-4f53-a443-07c02a51bb6f.jpg,a3df7f93-24c8-4f53-a443-07c02a51bb6f,"quality of life, cultural identity, quality of life"
./data/images/a40070df-03fc-475e-8610-1f9695af166e.jpg,a40070df-03fc-475e-8610-1f9695af166e,"none, none"
./data/images/a4aeeb0d-6118-42dd-8296-99bcc2311541.jpg,a4aeeb0d-6118-42dd-8296-99bcc2311541,"quality of life, none"
./data/images/a52faf9b-33b0-4901-8301-e298e4037195.jpg,a52faf9b-33b0-4901-8301-e298e4037195,"none, none"
./data/images/a6160e25-c2b5-48aa-859a-2cb11f8584fd.jpg,a6160e25-c2b5-48aa-859a-2cb11f8584fd,"none, none"
./data/images/a68febe4-0fc8-4a2a-a285-26698963c0fc.jpg,a68febe4-0fc8-4a2a-a285-26698963c0fc,"quality of life, quality of life"
./data/images/a71df71d-947c-43d8-b283-be74c0d6ac83.jpg,a71df71d-947c-43d8-b283-be74c0d6ac83,"security and defense, crime and punishment, security and defense"
./data/images/aa7c9d3b-9662-4203-bfec-fd5599df2f45.jpg,aa7c9d3b-9662-4203-bfec-fd5599df2f45,"quality of life, none"
./data/images/ab36e8c8-6312-4bfc-a197-ebf263762132.jpg,ab36e8c8-6312-4bfc-a197-ebf263762132,"quality of life, quality of life"
./data/images/ab77419f-4ba2-487f-adf1-259b9a2e6956.jpg,ab77419f-4ba2-487f-adf1-259b9a2e6956,"fairness and equality, morality, cultural identity, fairness and equality"
./data/images/abe8f88d-a282-4f5e-aaa8-4d46f49a02e9.jpg,abe8f88d-a282-4f5e-aaa8-4d46f49a02e9,"political, policy prescription and evaluation, fairness and equality, public opinion, policy prescription and evaluation, fairness and equality"
./data/images/aeb34cd8-fb25-4c0a-b6c8-26df77ed5efc.jpg,aeb34cd8-fb25-4c0a-b6c8-26df77ed5efc,"none, quality of life, political"
./data/images/b05d63c4-792a-47dd-9021-2f2914586a4c.jpg,b05d63c4-792a-47dd-9021-2f2914586a4c,"cultural identity, quality of life, cultural identity"
./data/images/b48cb611-1642-4482-860c-df96c702539d.jpg,b48cb611-1642-4482-860c-df96c702539d,"quality of life, none"
./data/images/b50153dc-8874-40e3-a9b9-4e4ad0e31aad.jpg,b50153dc-8874-40e3-a9b9-4e4ad0e31aad,"political, public opinion, political"
./data/images/b63ec89f-3b2b-477b-ae6c-beaff1f22e0f.jpg,b63ec89f-3b2b-477b-ae6c-beaff1f22e0f,"health and safety, health and safety"
./data/images/b68eb6b3-2283-4517-9ed5-f7cd2eb92d80.jpg,b68eb6b3-2283-4517-9ed5-f7cd2eb92d80,"political, political"
./data/images/b729d19b-ac87-4538-b81a-fed03e286c8a.jpg,b729d19b-ac87-4538-b81a-fed03e286c8a,"capacity and resources, none"
./data/images/b8ed547b-755a-43d8-99eb-318a784dc36b.jpg,b8ed547b-755a-43d8-99eb-318a784dc36b,"public opinion, none"
./data/images/ba32d62d-acbc-49d2-8293-6565f307ede8.jpg,ba32d62d-acbc-49d2-8293-6565f307ede8,"crime and punishment, crime and punishment"
./data/images/bb25cc63-1eb1-49ed-8c9f-08d489befd3c.jpg,bb25cc63-1eb1-49ed-8c9f-08d489befd3c,"security and defense, crime and punishment, none"
./data/images/bb79d573-4490-46bb-a511-69d24961709f.jpg,bb79d573-4490-46bb-a511-69d24961709f,"public opinion, public opinion"
./data/images/c0ba7141-6d5e-4f6a-8572-0f87a512b03e.jpg,c0ba7141-6d5e-4f6a-8572-0f87a512b03e,"political, public opinion, public opinion"
./data/images/c2c74f16-f034-4e96-bbcc-0781e1f1ce93.jpg,c2c74f16-f034-4e96-bbcc-0781e1f1ce93,"political, security and defense, external regulation and reputation, crime and punishment, political, external regulation and reputation"
./data/images/c35e6fb7-3988-4308-802d-7d669036e6e7.jpg,c35e6fb7-3988-4308-802d-7d669036e6e7,"none, none"
./data/images/c378f599-9e25-443c-8c92-7d1bd4234d15.jpg,c378f599-9e25-443c-8c92-7d1bd4234d15,"cultural identity, cultural identity"
./data/images/c542c133-e3a1-456a-b2bf-1a437880000a.jpg,c542c133-e3a1-456a-b2bf-1a437880000a,"health and safety, quality of life, health and safety"
./data/images/c73748fb-0088-42b8-ad3b-42e4b7fb872c.jpg,c73748fb-0088-42b8-ad3b-42e4b7fb872c,"policy prescription and evaluation, health and safety, legality, constitutionality and jurisprudence, morality, health and safety"
./data/images/c7adc302-6357-4641-96d0-2ab3b0710bc7.jpg,c7adc302-6357-4641-96d0-2ab3b0710bc7,"political, fairness and equality, health and safety, fairness and equality, public opinion, cultural identity"
./data/images/c89e2e93-f697-4302-ac04-117f9bc8afa8.jpg,c89e2e93-f697-4302-ac04-117f9bc8afa8,"quality of life, cultural identity, cultural identity"
./data/images/c8c269f4-8c19-4e25-9ca1-917a0201ac7a.jpg,c8c269f4-8c19-4e25-9ca1-917a0201ac7a,"political, political"
./data/images/c97a840e-a6cf-40bc-abb0-8a222f380e42.jpg,c97a840e-a6cf-40bc-abb0-8a222f380e42,"health and safety, health and safety"
./data/images/ca7f2125-0925-4822-ba41-0aa4717d58eb.jpg,ca7f2125-0925-4822-ba41-0aa4717d58eb,"health and safety, health and safety"
./data/images/cc035b4c-f224-43b8-b895-5444a310b817.jpg,cc035b4c-f224-43b8-b895-5444a310b817,"political, public opinion, political"
./data/images/cc077d15-75fd-4a82-a3f7-c1d729940a2a.jpg,cc077d15-75fd-4a82-a3f7-c1d729940a2a,"none, capacity and resources, economic"
./data/images/ccd446b7-6fbc-4310-b34c-6158a9fb18ce.jpg,ccd446b7-6fbc-4310-b34c-6158a9fb18ce,"cultural identity, none"
./data/images/cd3346b7-c97f-4eb4-9a76-5d1032d90369.jpg,cd3346b7-c97f-4eb4-9a76-5d1032d90369,"capacity and resources, none"
./data/images/cd6e12ac-aba8-407f-a93e-9e1d747401fd.jpg,cd6e12ac-aba8-407f-a93e-9e1d747401fd,"capacity and resources, political, health and safety, political"
./data/images/cdd1cd4f-eefa-4ca5-9a6b-1c369a4c1828.jpg,cdd1cd4f-eefa-4ca5-9a6b-1c369a4c1828,"quality of life, quality of life"
./data/images/cea6d7db-c08d-4bf6-b7ef-9519991758c0.jpg,cea6d7db-c08d-4bf6-b7ef-9519991758c0,"quality of life, cultural identity, quality of life"
./data/images/ced16478-e9b7-49fc-b652-780a1909265b.jpg,ced16478-e9b7-49fc-b652-780a1909265b,"fairness and equality, policy prescription and evaluation, economic"
./data/images/d0c2db81-09b5-4666-9882-795de50955a0.jpg,d0c2db81-09b5-4666-9882-795de50955a0,"security and defense, security and defense"
./data/images/d0cc656f-64c1-4b6a-b602-f53482a09ba6.jpg,d0cc656f-64c1-4b6a-b602-f53482a09ba6,"quality of life, none"
./data/images/d180e64f-200f-40b3-8413-83b5414a1ecd.jpg,d180e64f-200f-40b3-8413-83b5414a1ecd,"political, fairness and equality, public opinion, cultural identity, cultural identity"
./data/images/d20b85d7-c600-43bc-b95b-7021cc5fd09b.jpg,d20b85d7-c600-43bc-b95b-7021cc5fd09b,"none, quality of life"
./data/images/d571291f-7e8a-414c-8a2d-e296e2020ab8.jpg,d571291f-7e8a-414c-8a2d-e296e2020ab8,"political, political"
./data/images/d68214ca-e8ec-46c8-b8d7-1300f49a2ddf.jpg,d68214ca-e8ec-46c8-b8d7-1300f49a2ddf,"none, none"
./data/images/d6af6244-5db1-4783-aa40-89a422a1891e.jpg,d6af6244-5db1-4783-aa40-89a422a1891e,"quality of life, cultural identity, none"
./data/images/d71100c8-85dd-45e4-ae3d-128c1e8ef31e.jpg,d71100c8-85dd-45e4-ae3d-128c1e8ef31e,"quality of life, capacity and resources, none"
./data/images/d7886f9d-f5cf-4ceb-a042-4162632be676.jpg,d7886f9d-f5cf-4ceb-a042-4162632be676,"health and safety, cultural identity, cultural identity"
./data/images/d86542bf-3d3a-4998-a41a-14508a931337.jpg,d86542bf-3d3a-4998-a41a-14508a931337,"quality of life, capacity and resources, cultural identity, quality of life"
./data/images/d8e0af3d-a5ab-437b-a969-291778b75c51.jpg,d8e0af3d-a5ab-437b-a969-291778b75c51,"none, cultural identity"
./data/images/da80b73a-d742-4825-9b50-2b2ef9d47629.jpg,da80b73a-d742-4825-9b50-2b2ef9d47629,"cultural identity, none"
./data/images/daac5ed4-803b-46b9-8f27-76d3bc7e7df1.jpg,daac5ed4-803b-46b9-8f27-76d3bc7e7df1,"capacity and resources, none"
./data/images/dac58227-3f38-4267-9c7a-a5768f0e5c81.jpg,dac58227-3f38-4267-9c7a-a5768f0e5c81,"none, none"
./data/images/dafe4e6a-f8d8-4c00-a3fd-b66135cfbef5.jpg,dafe4e6a-f8d8-4c00-a3fd-b66135cfbef5,"quality of life, cultural identity, none"
./data/images/dba81e7b-995c-45fb-af91-05b1ce1cb98a.jpg,dba81e7b-995c-45fb-af91-05b1ce1cb98a,"political, political"
./data/images/dc69abbe-e108-4066-a0ed-fecd64e5d44c.jpg,dc69abbe-e108-4066-a0ed-fecd64e5d44c,"security and defense, health and safety, crime and punishment, crime and punishment"
./data/images/dc6f5beb-7a11-4ccb-8374-d4a6be49f813.jpg,dc6f5beb-7a11-4ccb-8374-d4a6be49f813,"health and safety, crime and punishment, security and defense"
./data/images/dc776061-bf4c-4f26-98d3-51cf7482d67c.jpg,dc776061-bf4c-4f26-98d3-51cf7482d67c,"security and defense, crime and punishment, security and defense"
./data/images/dcbdc670-a740-422a-979d-fe4e0afe7f76.jpg,dcbdc670-a740-422a-979d-fe4e0afe7f76,"quality of life, health and safety, quality of life"
./data/images/dddd05cd-1c17-4c41-809c-70231e1cb119.jpg,dddd05cd-1c17-4c41-809c-70231e1cb119,"none, none"
./data/images/de147e53-677d-41d5-9d73-5b1bad75e0e6.jpg,de147e53-677d-41d5-9d73-5b1bad75e0e6,"political, public opinion, political, public opinion"
./data/images/de4b3b89-3002-41b0-88cd-c76f5fb357e3.jpg,de4b3b89-3002-41b0-88cd-c76f5fb357e3,"quality of life, cultural identity, cultural identity"
./data/images/dea2b056-111a-4a74-ac3b-d4e57d7a0356.jpg,dea2b056-111a-4a74-ac3b-d4e57d7a0356,"none, political"
./data/images/dfc1ef9e-0eb6-4727-97d8-7cd2cae7252a.jpg,dfc1ef9e-0eb6-4727-97d8-7cd2cae7252a,"public opinion, none"
./data/images/e1e611ea-91a6-421f-8d87-33f4f9a26910.jpg,e1e611ea-91a6-421f-8d87-33f4f9a26910,"none, none"
./data/images/e2b337bf-0cd9-470e-bd8d-d976bc9df5ce.jpg,e2b337bf-0cd9-470e-bd8d-d976bc9df5ce,"economic, economic"
./data/images/e2f7e54e-90a4-46db-b7de-b370859b094e.jpg,e2f7e54e-90a4-46db-b7de-b370859b094e,"quality of life, capacity and resources, public opinion"
./data/images/e3014396-4322-42d8-af04-7426bddb831d.jpg,e3014396-4322-42d8-af04-7426bddb831d,"cultural identity, cultural identity"
./data/images/e3504ec5-8898-4206-b5f0-6a16a00cce91.jpg,e3504ec5-8898-4206-b5f0-6a16a00cce91,"capacity and resources, none"
./data/images/e3caa6ac-242e-4f35-ac7a-1c92b8a8185b.jpg,e3caa6ac-242e-4f35-ac7a-1c92b8a8185b,"quality of life, capacity and resources, cultural identity, quality of life"
./data/images/e43bd71b-7d26-4202-b7b4-f32d264dc362.jpg,e43bd71b-7d26-4202-b7b4-f32d264dc362,"none, none"
./data/images/e4f31705-8bd3-44e3-857d-37c0dba03c75.jpg,e4f31705-8bd3-44e3-857d-37c0dba03c75,"security and defense, cultural identity, security and defense"
./data/images/e537d8da-9a2c-4d5a-a440-dd14c36e032e.jpg,e537d8da-9a2c-4d5a-a440-dd14c36e032e,"capacity and resources, capacity and resources"
./data/images/e53e687e-dc12-4150-b069-6139eba52393.jpg,e53e687e-dc12-4150-b069-6139eba52393,"cultural identity, cultural identity"
./data/images/e5ecf593-c3a6-4b2d-a534-debcaf832f36.jpg,e5ecf593-c3a6-4b2d-a534-debcaf832f36,"political, public opinion, none"
./data/images/e64ddafd-43ee-428b-b258-ac07b99bd511.jpg,e64ddafd-43ee-428b-b258-ac07b99bd511,"political, public opinion, political"
./data/images/e72aa796-0af8-4e30-b4e2-8ede039a62f7.jpg,e72aa796-0af8-4e30-b4e2-8ede039a62f7,"capacity and resources, none"
./data/images/e76a129c-a5cb-4b14-9119-6031eff22840.jpg,e76a129c-a5cb-4b14-9119-6031eff22840,"fairness and equality, public opinion, political, public opinion"
./data/images/e82648d2-7e8f-4b6e-a52b-a6ac23e0cc6c.jpg,e82648d2-7e8f-4b6e-a52b-a6ac23e0cc6c,"legality, constitutionality and jurisprudence, public opinion, none"
./data/images/ea47ee9f-6d38-4f2e-94f3-1e4c102bfd61.jpg,ea47ee9f-6d38-4f2e-94f3-1e4c102bfd61,"political, political, public opinion"
./data/images/ebbf8bf8-755d-41fb-8287-9d36479b8659.jpg,ebbf8bf8-755d-41fb-8287-9d36479b8659,"political, fairness and equality, public opinion, external regulation and reputation, political, public opinion, cultural identity"
./data/images/ec1dcfa2-eabb-4b9e-bdb2-774043352cc6.jpg,ec1dcfa2-eabb-4b9e-bdb2-774043352cc6,"political, none"
./data/images/ec488d6e-bd11-4729-80f3-a01e820a50b7.jpg,ec488d6e-bd11-4729-80f3-a01e820a50b7,"health and safety, cultural identity, health and safety, cultural identity"
./data/images/ecb919d5-ce54-45d3-b45b-c3cf252955b7.jpg,ecb919d5-ce54-45d3-b45b-c3cf252955b7,"quality of life, none"
./data/images/edff477d-9f33-4c9a-9944-f6317175a35b.jpg,edff477d-9f33-4c9a-9944-f6317175a35b,"security and defense, crime and punishment, security and defense"
./data/images/eef8a72a-eadc-42d1-b21f-a17d1233aadc.jpg,eef8a72a-eadc-42d1-b21f-a17d1233aadc,"cultural identity, none"
./data/images/ef0ab82e-bd64-42a8-82bf-8bc6822b6af5.jpg,ef0ab82e-bd64-42a8-82bf-8bc6822b6af5,"capacity and resources, cultural identity, capacity and resources, security and defense, cultural identity"
./data/images/ef25a665-419f-440d-944e-0da86e008623.jpg,ef25a665-419f-440d-944e-0da86e008623,"none, none"
./data/images/efbcaf63-a88d-4212-bc3d-571afa1fecce.jpg,efbcaf63-a88d-4212-bc3d-571afa1fecce,"none, none"
./data/images/f02f1b16-fc20-4f5a-a390-b8df64243240.jpg,f02f1b16-fc20-4f5a-a390-b8df64243240,"fairness and equality, morality, public opinion, fairness and equality, morality, public opinion"
./data/images/f1ce6d8e-c3c3-4c1f-bebf-437f48063413.jpg,f1ce6d8e-c3c3-4c1f-bebf-437f48063413,"none, none"
./data/images/f204ef8e-3388-4cdb-b1dc-61e1ff4875cf.jpg,f204ef8e-3388-4cdb-b1dc-61e1ff4875cf,"none, policy prescription and evaluation"
./data/images/f2f313ec-665c-435f-8a75-79c83039cd4e.jpg,f2f313ec-665c-435f-8a75-79c83039cd4e,"security and defense, crime and punishment, none"
./data/images/f2ff920b-a9a2-49e1-a36d-7d3ead84a9b4.jpg,f2ff920b-a9a2-49e1-a36d-7d3ead84a9b4,"political, political"
./data/images/f3fc6354-2d74-4cbb-aeef-2b0f20613456.jpg,f3fc6354-2d74-4cbb-aeef-2b0f20613456,"none, none"
./data/images/f5213cdf-f47f-4fd4-add4-4f2b53a4072b.jpg,f5213cdf-f47f-4fd4-add4-4f2b53a4072b,"health and safety, none"
./data/images/f61dcdcc-6407-40fd-8d0c-a96e39890e93.jpg,f61dcdcc-6407-40fd-8d0c-a96e39890e93,"quality of life, none"
./data/images/f61fa0b0-97de-4d54-b0e3-d5de43e3b613.jpg,f61fa0b0-97de-4d54-b0e3-d5de43e3b613,"political, political"
./data/images/f67b5f0c-5ae1-42c4-a2f8-796b875a872a.jpg,f67b5f0c-5ae1-42c4-a2f8-796b875a872a,"political, political, policy prescription and evaluation, external regulation and reputation"
./data/images/f6c5bbb4-d7a8-4d01-948c-8620ef98379f.jpg,f6c5bbb4-d7a8-4d01-948c-8620ef98379f,"public opinion, none"
./data/images/f7a9148a-5900-4a26-babc-b02fa400783f.jpg,f7a9148a-5900-4a26-babc-b02fa400783f,"cultural identity, cultural identity"
./data/images/f7af44f0-1442-4859-b238-499c36b748f6.jpg,f7af44f0-1442-4859-b238-499c36b748f6,"cultural identity, none"
./data/images/fa171457-9ad5-48f1-b730-cb8e4448ab7f.jpg,fa171457-9ad5-48f1-b730-cb8e4448ab7f,"cultural identity, none"
./data/images/fa8c8fd5-18bc-469f-a071-2162412dbca1.jpg,fa8c8fd5-18bc-469f-a071-2162412dbca1,"none, none"
./data/images/faeb26b2-996a-4511-94e5-441c6494097d.jpg,faeb26b2-996a-4511-94e5-441c6494097d,"political, political"
./data/images/fd51647a-1382-4f1f-9772-ff47a743b56a.jpg,fd51647a-1382-4f1f-9772-ff47a743b56a,"political, cultural identity, political, external regulation and reputation"
./data/images/fe86d7c0-7f71-4721-9fc2-68453c68df7a.jpg,fe86d7c0-7f71-4721-9fc2-68453c68df7a,"external regulation and reputation, policy prescription and evaluation, external regulation and reputation"
./data/images/ffd17f95-9c47-4518-b87c-3ea40fcc345d.jpg,ffd17f95-9c47-4518-b87c-3ea40fcc345d,"political, legality, constitutionality and jurisprudence, political"
