mistral_topic,meta_topic
Football,Sports
Retail Theft and Employee Termination,Crime
Political Misconduct,Politics
MLB Spring Training,Sports
Mathematics Education,Education
Cybersecurity,Technology
Labor Dispute,Politics
Parenting,Family
Golf,Sports
Bhimrao Ramji Ambedkar,Politics
Racial Abuse in Football,Crime
Sports,Sports
Crime,Crime
Education,Education
Corruption Allegations against President Biden,Politics
Immigration,Immigration
Shooting Incident,Crime
Criminal Justice Reform,Politics
Football Kits,Sports
Football Transfer News,Sports
Football Injury,Sports
Theater Performance,Entertainment
Sports Journalism,Sports
7-Eleven's Free Slurpee Day,Business
Sports Infrastructure Development,Sports
Inclusive Shopping,Society
Cruise Ship Accident,Accident
Virtual Holocaust Museum in Fortnite,Education
Housing Conditions,Housing
Mass Shooting,Crime
Violence,Crime
Illegal Marijuana Shops,Crime
Police Brutality,Crime
Entertainment,Entertainment
University of Texas Conservatism Centers,Education
Mayor Bass Anniversary Tour,Politics
Terrorism,War
Removal of Street Piano,Society
Holiday Shopping,Business
Family and Relationships,Family
Idaho Murders,Crime
Political Incident,Politics
Climate Change and Malaria,Environment
Recriminalization of Drug Possession and Criminal Justice System,Politics
College Football,Sports
Elections,Politics
Mexican Cartel Violence,Crime
Voter Fraud Prevention and ERIC,Politics
Delivery Services,Business
Leadership and Mindset,Business
Gambling,Crime
Labor Union,Politics
Retail,Business
Traffic Accident,Accident
Environment,Environment
Local Business,Business
Business,Business
Discovery of Body,Crime
Adoption,Family
NFL,Sports
Farmworker Heat Safety,Environment
Banking Issues,Business
Bus Fire,Accident
Reproductive Rights,Politics
Music Concert,Entertainment
Peace in Middle East,War
Vaccination and Dating,Health
Colorado River Water Crisis,Environment
Company Acquisition and Employee Integration,Business
Pet Care,Family
Leeds United's Poor Defensive Performance in the Premier League,Sports
U.S. Immigration Policies and International Student Enrollment,Immigration
Domestic Abuse,Crime
Local Regulation,Politics
Food Safety,Health
Theater Renovation,Entertainment
Film Analysis,Entertainment
Civil Unrest,Protests
Open Source Mapping,Technology
Religion,Religion
Literature,Culture
Composting,Environment
ESG Investing,Business
Medical Ethics,Health
Autonomous Vehicles,Technology
Sustainable Tourism,Environment
Neurodiversity in the Workplace,Business
Nuclear Tensions in Korea Strait,War
Indian Film: Laapataa Ladies,Entertainment
Budget,Politics
Public Health,Health
Brush Fire,Environment
Home Decor/Interior Design,Lifestyle
Spirits,Business
LGBTQIA+ Healthcare,Health
Health Equity,Health
Low-code Platforms and Software Development,Technology
Journalism,Journalism
Cooking,Lifestyle
Court Case,Legal
Economy,Economy
Stalking,Crime
Politics,Politics
Sacramento Beer Week,Entertainment
Iowa Caucuses,Politics
International Relations,Politics
School Shootings and Teen Mental Health,Health
TikTok Ban,Politics
Aviation Safety,Accident
Rescue at Sea,Accident
NFL Football,Sports
Film Festivals,Entertainment
Airline Incident,Accident
Israeli-Palestinian Conflict,War
Travel and Tourism,Business
Freelance Writing Jobs,Business
Impeachment of Alejandro Mayorkas,Politics
Health Recovery,Health
Politics and Controversy,Politics
Media Bias,Journalism
Jan. 6 Capitol Riot,Politics
Cell Service Outage,Technology
Email Marketing for Entrepreneurs,Business
Fraud,Crime
Censorship,Politics
Prison Transfer Protest,Protests
Crab Fishing Season,Environment
Aviation Education for Black Girls,Education
CD Accounts,Finance
Israel-Hamas Conflict,War
Fire at Cannabis Warehouse,Accident
Lottery,Business
Fundraising for Journalism,Journalism
2022 Iowa Republican Primary,Politics
Art,Culture
Middle East Conflict,War
Public Safety Infrastructure,Infrastructure
Transportation Infrastructure,Infrastructure
Traffic Management and AI,Technology
Weather,Weather
Taylor Swift Album Leak and Fan Reaction,Entertainment
Mobile App Development,Technology
Climate Change Impact on Health,Health
The Marvels Movie,Entertainment
Marine Life / Whale Stranding,Environment
Campus Protests and Discrimination,Protests
Digital Shopping Trends,Business
Plant-Based Diet,Health
Golf Sponsorship,Sports
Border Security,Politics
Artificial Intelligence,Technology
Catholic Church Sex Abuse Scandal in Spain,Crime
U.S. National Debt and Tax Policy,Politics
Voter Fraud,Crime
Integration of Mental Health Support into Chronic Care Management,Health
Food,Lifestyle
Entertainment Business,Business
Fatal Crash,Accident
Low-Alcohol Cocktails,Lifestyle
Traffic Safety around Schools,Accident
Sustainable Innovation in the Nordics,Environment
Illegal Motorcycle Stunt,Crime
NFL Playoffs,Sports
Legislation on Noncompete Agreements,Politics
Minnesota Timberwolves Playoffs,Sports
Government Shutdown,Politics
Prince Andrew Sexual Assault Allegations,Crime
Smartwatches and Fitness Trackers for Kids,Technology
Meteorites,Science
Accidental Shooting,Accident
Accident,Accident
Luxury Travel,Business
Ukraine-Taiwan Relations and Rebuilding Efforts,Politics
Mind Reading,Science
Ghislaine Maxwell Case,Crime
Archaeology,Culture
Niger Coup,Politics
Biden Family Bribery Allegations,Politics
Abortion Rights,Politics
Legal Proceedings against Donald Trump and Allies,Legal
Canadian Prime Minister Justin Trudeau's Technical Issue and Delay in India,Politics
Protests in Iran,Protests
Forced Displacement of Palestinians in Gaza,War
Pro-Life Movement and Pregnancy Resource Centers,Politics
Protests,Protests
Border Dispute,Politics
Political Protests,Protests
Menthol Cigarette Ban,Politics
Investigation and Political Interference,Politics
Espionage,Crime
2024 Republican Presidential Race,Politics
Landmine Safety Education in Ukraine,War
Ukraine Aid,War
Hunter Biden's Tax and Gun Case,Politics
Israel-Hamas War Journalist Casualties,War
Water Rights Dispute,Politics
U.S.-China Relations,Politics
India-Canada Tensions,Politics
Immigration Policy,Immigration
Presidential Age and Fitness,Politics
Journalism Funding,Journalism
Legal Proceedings,Legal
House Speaker Election,Politics
Evacuation of Americans from Sudan,War
Israel Support,War
Local Elections,Politics
North Korea's Missile Development,War
Pro-Palestinian Protests on College Campuses,Protests
Palestinian Embroidery,Culture
Israel-Palestine Conflict,War
Ukraine Aid and Military Support,War
Abortion Legislation,Politics
Pennsylvania Republican Party Endorsements for State Supreme Court,Politics
Government Shutdown and Impeachment Inquiry,Politics
2024 Presidential Election,Politics
Immigration Enforcement,Immigration
Biden Family Scandal,Politics
Government Spending,Politics
Indigenous Voice Referendum,Politics
Indigenous Peoples' Day and Columbus Day,Culture
2024 Presidential Race,Politics
North Korea-US Tensions,War
Health of U.S. Senator Dianne Feinstein,Health
Protests and Tax Reform,Protests
Corruption,Crime
Pro-Palestinian Protests at Columbia University,Protests
Defense Production Act,Politics
ASEAN Crisis in Myanmar,Politics
By-elections in England,Politics
Afghanistan Withdrawal Anniversary,War
2022 Presidential Primary Elections,Politics
Border Control and Immigration,Immigration
Super Bowl LVIII,Sports
Biden Administration's Department of Energy Loan Program,Politics
UK-US Relations,Politics
Family Separation Policy and Maternity Vote by Proxy,Politics
Monarchy,Politics
Coup in Niger,Politics
Indo-Australian Relations,Politics
Ukraine-Russia Conflict,War
Impeachment of Texas Attorney General Ken Paxton,Politics
Turkish Presidential Election,Politics
NBA,Sports
Basketball,Sports
Ice Hockey,Sports
Fundraising for LGBTQ+ Community through Women's Soccer,Sports
Mac Jones' Performance,Sports
Death of Dejan Milojević,Sports
"Sports (Football, Dundee United)",Sports
Baseball,Sports
Auto Racing,Sports
Death of Ray Lewis III,Sports
Transgender Policies in Sports,Sports
NBA Playoffs,Sports
NFL Head Coaching Changes,Sports
Baseball Game,Sports
Soccer,Sports
NFL Draft,Sports
Seattle Kraken Hockey,Sports
Cricket,Sports
Brighton's European Qualification and Future Ambitions,Sports
Wrestling,Sports
Video Game Crafting Materials Guide,Gaming
Sports Relocation,Sports
Tennis,Sports
NFL Awards,Sports
Sports - Injury,Sports
Minnesota Vikings' Poor Performance,Sports
Transgender Rights in Sports,Sports
Rugby World Cup,Sports
Women's Football,Sports
Transgender Athletes in Sports,Sports
Football (Aberdeen's Scottish Premiership Performance),Sports
Super Bowl Streaker Incident,Sports
Pickleball Tournament,Sports
Super Bowl,Sports
NFL Kickoff Rule Change,Sports
College Basketball,Sports
Football Game: Patriots vs Broncos,Sports
Athletics,Sports
College Football Roster Changes,Sports
Global Economy,Economy
Health Crisis in Sudan,Politics
Business Fraud Trial,Legal
Traffic,Traffic
Competitive Advantage for Brick-and-Mortar Businesses in the Age of Digital Commerce,Business
Campus Violence,Crime
Pittsburgh Steelers vs. Baltimore Ravens,Sports
Minnesota Lynx Basketball,Sports
European Security,Politics
Disney on Ice,Entertainment
Domestic Violence,Crime
Environmental Degradation of Shorelines,Environment
Fitness Center Improvements,Lifestyle
Long-term travel without visa,Travel
Health,Health
Filipino Cinema and ABS-CBN's Global Strategy,Entertainment
Tesla Israel Supercharger Free,Technology
Frances Xavier Cabrini,Religion
Seinfeld,Entertainment
Royal Fashion,Entertainment
Leadership and Team Building,Business
Israel-Gaza Conflict,War
Privacy and Data Collection,Technology
Giant Pumpkin,Lifestyle
Photography Book Release,Entertainment
AI-Generated Art and Music,Technology
Supreme Court Ethics Code,Legal
Foreign Policy,Politics
Pharmaceuticals,Health
Rugby World Cup Quarterfinals,Sports
Friendship After Breakups,Lifestyle
News Organization,Journalism
Road Safety,Traffic
Media & Entertainment,Entertainment
Presidential Gaffes,Politics
Violence in Israel,War
Conflict in Gaza,War
Immigration Policy & Hemisphere Summit,Politics
Motorcycle Racing,Sports
Local Events,Events
Immigration and Cultural Integration,Immigration
Pet Lifespan Extension through Scientific Research,Science
Roger Waters,Entertainment
Gameday BBQ,Lifestyle
Hamas Attacks in Israel,War
Criminal Justice,Politics
Escape from Georgia Jail,Crime
Israeli-Jewish Support,Society
Higher Education Technology,Education
Child Pornography,Crime
PFAS Pollution and Legislation,Environment
Childhood Trauma and Personal Growth,Health
Investigation of Discrimination in Education,Education
Tax Relief,Politics
Maritime Disaster,Accident
College Sports Legislation,Sports
U.S. Foreign Policy,Politics
Retail Theft,Crime
Immigrant Health Care Access,Immigration
Nanny Relief Fund,Charity
Education Development in Economically Disadvantaged Regions,Education
Mental Health Policy,Health
Taylor Swift and Travis Kelce Relationship,Entertainment
Business & Community,Business
Sports Betting Ring,Crime
Sports Media,Sports
Conflict,War
Gun Control Legislation,Politics
Baseball Art,Sports
Matthew Perry's Death and Fan Reactions,Obituary
Social Media and Customer Service,Technology
Water Billing Issue in Chicago,Local
Missing Person Identified,Accident
War,War
Lawsuit,Legal
Daniel Radcliffe and Wolverine,Entertainment
Real Estate,Business
Restaurant Policy,Business
Winter Preparedness of Texas Power Grid,Infrastructure
Weather Forecast,Weather
Flooding,Weather
"Tornado Disaster in Laguna Heights, Texas",Weather
Loppet Cup Cross Country Skiing Competition,Sports
Storm Damage and Power Outage in New Jersey,Weather
Weather Event (Tornado),Weather
Hurricane Lee,Weather
Hurricane/Storm,Weather
Frozen Pipes and Plumbing Issues,Weather
Winter Car Maintenance,Weather
Electric Boating Industry,Environment
Floods and Landslides,Weather
Plane Crash,Accident
Winter Weather,Weather
Climate Change and Heatwaves,Environment
Weather Impact on Theme Park,Weather
Weather Event and Road Clearing Efforts,Weather
Wildfires,Environment
Twin Cities Marathon Cancellation,Weather
Hurricane Hilary,Weather
Weather Preparation,Weather
Competitive Eating and Health,Health
Festival Transportation Issues,Events
Games,Entertainment
Labor Dispute Resolution,Politics
Movie Review: Barbie,Entertainment
Music,Entertainment
Television Series Analysis,Entertainment
Movie Review,Entertainment
Obituary,Obituary
Haunted Houses,Entertainment
Superyacht Alchemy Launch,Business
Mission: Impossible 8,Entertainment
Tina Turner's Death and Tribute,Obituary
Television,Entertainment
Media,Journalism
Golden Globes Awards,Entertainment
Aortic Health Awareness,Health
Feminism and Barbie Movie Performance in South Korea,Culture
Taylor Swift's Generosity to Tour Crew,Entertainment
Country Music,Entertainment
Taylor Swift's Eras Tour Merchandise,Entertainment
Gaming,Entertainment
Paramore's 2023 Tour,Entertainment
Taylor Swift's The Eras Tour and Film,Entertainment
Aerosmith Farewell Tour,Entertainment
Hollywood Strikes,Entertainment
CMT Music Awards,Entertainment
Film Review,Entertainment
Taylor Swift Concert,Entertainment
Community Event,Events
Taylor Swift and Kobe Bryant,Entertainment
Tina Turner,Entertainment
Peach and Sunflower Festival,Events
Theater,Entertainment
Halloween Events in Richmond,Events
Real Estate Development,Business
Theater Awards,Entertainment
Haunted House,Entertainment
Halloween,Events
Hollywood Writers' Strike,Entertainment
Invisible String Theory,Culture
Netflix July Releases and Removals,Entertainment
Professional Wrestling,Sports
Halloween Costumes,Events
South Park,Entertainment
Celebrity Divorce,Entertainment
Oak Farm Vineyards,Business
Quordle,Gaming
Destiny 2: The Dawning Event,Gaming
YouTube Content Policy,Technology
Death of Toby Keith,Obituary
Harry Styles Concert Tour,Entertainment
Music Education and Instrument Repair in Schools,Education
Royal Family,Politics
Death of Sinead O'Connor,Obituary
Opera Performance,Entertainment
Feminism and Gender Inequality in South Korea,Culture
Taylor Swift's 'Eras Tour' Concert Ticket Prices,Entertainment
Advertisement,Business
4th of July Celebrations,Events
Paranormal,Entertainment
Pregnancy,Health
Labor Dispute in Hollywood,Politics
Video Game,Gaming
Food & Beverage,Business
Wordle,Gaming
Writers Guild of America Strike,Entertainment
Biotechnology,Science
Opera Philadelphia,Entertainment
Writers Strike,Entertainment
Destiny 2: Guardian Games and Hullabaloo Grenade Launcher,Gaming
Isleton Crawdad Festival,Events
Sacramento A's Move,Sports
eCommerce and Marketing,Business
Chinese Electric Vehicle Market,Business
Company Restructuring,Business
Bankruptcy of Instant Brands,Business
Results-Driven Leadership,Business
Data Security,Technology
Transgender Influencers and Brand Partnerships,Business
Stock Market,Economy
Powerball Jackpot,Lottery
CBI Reforms,Politics
Labor Strike,Politics
Cyber Monday Sales,Business
Foldable Phones,Technology
Airline Loyalty Programs,Travel
Product Recall,Business
Burnout in Communications and Marketing,Business
Starbucks Reusable Cup Policy,Business
Fukushima Daiichi Nuclear Plant Water Release,Environment
UAW Strike,Politics
Labor Disruptions and Supply Chain Issues,Business
Problem-solving and Decision-Making,Business
Revitalization of Downtown Denver,Business
Bitcoin,Economy
Space Race,Science
Threats against U.S. officials,Crime
Television and Media,Entertainment
Effective Communication,Business
Perception and Stress Management,Health
Workplace Discrimination,Crime
Digital Media Transition,Technology
Beauty & Skincare,Lifestyle
Leadership in Business,Business
Community Service,Charity
Shopping Deals,Business
Imposter Syndrome in Leadership,Business
Finance,Finance
Energy Prices,Economy
Bankruptcy,Business
Media Industry,Entertainment
Debt Repayment Issues of Chinese Billionaire Wang Jianlin,Economy
Beauty and Skincare,Lifestyle
Black Friday Shopping Chaos,Business
Smartwatches,Technology
Discontinuation of DVD and Blu-ray sales,Business
U.S. Economy,Economy
Productivity,Business
Remote Work,Business
Sale,Business
Tennessee Titans Football,Sports
Labor Negotiations,Politics
Electoral Reform,Politics
EdTech,Education
Business & Economy,Business
Succession,Business
Auto Recall,Business
Child Labor Law Violations,Crime
Antitrust,Politics
Bankruptcy of Vice Media,Business
Direct-to-Consumer (D2C) Strategies,Business
Crime and Community Response,Crime
Insurance,Finance
Lip Stains and Tints,Lifestyle
Mattress Sales,Business
Talent Management,Business
Job Interview Appearance and its Impact,Business
Long-Form Content,Journalism
Air Purifiers,Lifestyle
Hospitality Industry,Business
Innovation and Corporate Longevity,Business
Stock Market Performance,Economy
EU Politics,Politics
Banking & Finance,Finance
Personal Branding,Business
Stock Market Performance in Asia,Economy
Aviation Industry,Business
Technology,Technology
Retail Closures,Business
Fentanyl Crisis,Health
Strength Training,Health
One Chip Challenge,Health
Bedbug Infestation in Paris,Health
Legal Marijuana Industry,Business
Drug for Weight Loss (Ozempic),Health
Maternal Health,Health
Alzheimer's Disease,Health
RSV Vaccination for Seniors,Health
Cannabis Regulation,Politics
Fetterman's Senate Attire and Criticism,Politics
Alzheimer's Drug,Health
Tax Rebate Credit/Economic Impact Payments,Finance
Health Risk,Health
Breast Density and Cancer Risk,Health
Stomach Paralysis and Ozempic/Wegovy,Health
Product Safety Recall,Business
Pandemic Preparedness,Health
Mental Health of Youth,Health
West Nile Virus Outbreak in Birds,Health
COVID-19 Guidelines,Health
Opioid Epidemic,Health
Murder,Crime
Cannabis,Politics
Weight Loss Drug,Health
Celebrity Weight Loss,Entertainment
Medical Negligence,Health
Health Benefits of Multivitamins,Health
Bird Flu in Livestock,Health
Alzheimer's Care,Health
Long-Term Care Insurance,Health
Healthcare,Health
Daylight Saving Time,Society
Legionnaires' Disease Outbreak,Health
Flu Season Predictions,Health
Blood Donation,Health
Oral Health and Dementia,Health
Racial Disparities in Maternal Healthcare,Health
Cannabis Social Equity,Politics
Avian Influenza Vaccine Trial for California Condors,Health
Flu Season,Health
Parkinson's Disease Research,Health
Measles Outbreak in London,Health
Cancer,Health
Death of Lisa Marie Presley,Obituary
Abortion Pill Safety,Health
Drug Shortage and Supply Chain Fortification,Health
Biotechnology Ethics,Science
Plastic Bag Ban,Environment
Covid-19 Inquiry and Government Documents,Politics
Marijuana and Psychosis,Health
COVID-19 Origins,Health
Child Overdose,Accident
Medical Mystery,Health
Alzheimer's Disease Drug,Health
Sleep Disorders and Solutions,Health
Sleep,Health
COVID-19 Pandemic,Health
Alzheimer's Vaccines,Health
Doctors' Strike in South Korea,Politics
Healthcare Policy,Politics
Covid-19 Impact on Care Homes,Health
Health of Israeli Prime Minister,Health
Energy Drink,Health
Health Update of LeBron James' Son,Health
Lyme Disease,Health
COVID-19,Health
Climate Change Impact on Allergy Season,Environment
Russian Espionage,Crime
Alcohol Ban on Wildwood Beach,Politics
Marijuana Policy,Politics
Product Safety,Business
Drug Offense,Crime
Labor Relations,Politics
Pet Reunion,Family
War Crimes Allegations in Gaza,War
Ukraine's Counteroffensive and Crimea,War
Misinformation,Politics
AI in Drone Racing,Technology
Military Conflict,War
Warfare,War
Aircraft Incident,Accident
NATO Succession and Allied Relations,Politics
Iran-Israel Tensions,War
Nuclear Accident,Accident
Hostage Crisis in Gaza,War
UNRWA Funding Crisis,Politics
Ethnic Violence in South Sudan,War
Aircraft Crash,Accident
Russia-Ukraine Conflict,War
Anti-Hamas Protests in Gaza,Protests
Missing Navy SEALs,War
Yemen Conflict,War
UNRWA Teachers Incitement to Terrorism,Politics
Protest and Highway Blockade,Protests
War in Ukraine,War
Airstrike on Aid Workers in Gaza,War
Russia-US Relations,Politics
Escape From Tarkov,Gaming
South Africa-Russia Arms Allegations,Politics
National Security,Politics
Restaurant Review,Entertainment
Ukraine Conflict,War
Russia-Ukraine Conflict and Eastern European Tensions,War
Health of Belarusian President Alexander Lukashenko,Health
Ukraine-Israel Relations,Politics
Cyber Espionage,Technology
Geopolitics,Politics
Fire at Warehouse Near Putin's Residence,Accident
NATO Leadership,Politics
UNRWA Funding Controversy,Politics
Military Renaming of Bases,Politics
Military Technology,War
Ukraine Counteroffensive,War
Ukraine-US Relations and Aid,War
U.S.-Russia Relations,Politics
Nuclear Energy,Environment
Palestinian-Israeli Conflict,War
Ukraine Aid Funding Crisis,Politics
Personal Story of Loss and Resilience,Society
Aviation,Travel
Journalist Attack in Chechnya,Crime
U.S. Military Aid to Ukraine,War
Protest,Protests
Border Conflict,Politics
War/Conflict,War
EU Funding for Ukraine,Politics
Memorial Day Tribute and U.S. Troops,Society
Drone Attack on U.S. Base in Jordan,War
Poland's Democratic Backsliding and EU Response,Politics
U.S. Military Strikes in Yemen,War
U.S.-Israel Relations,Politics
Conflict in Mali,War
U.S.-South Africa Relations,Politics
Military Promotions,Politics
War and Conflict,War
North Korea's Cyber Threats and Financing,Crime
Ukraine War Humanitarian Aid,War
International Trade & Geopolitics,Politics
Cybersecurity Incident,Technology
Bankruptcy of Bird Global,Business
Elon Musk's Illegal Sign Installation,Politics
Quantum Computing,Technology
AI in Education,Education
AI in Business,Business
First_Amendment,Politics
Best Headphones for Graduates,Technology
Metaverse and AI,Technology
Cybersecurity-as-a-Service (MDR),Technology
Internet Slang,Culture
AI and Cloud Computing,Technology
Artificial Intelligence and Virtual Reality,Technology
Data Breach,Technology
Tech Stocks,Economy
Cyberattack on Clorox,Technology
TikTok National Security Concerns,Politics
Chroming TikTok Challenge,Health
Regulation of Artificial Intelligence,Politics
Elon Musk's Decision to Reinstate Alex Jones on X,Politics
AI Technology,Technology
Software Supply Chain Security,Technology
Disinformation,Politics
Used Car Values,Business
Price Increase in Peacock Subscription,Business
Regulation of Social Media,Politics
Language and Culture,Culture
Artificial Intelligence Security,Technology
AI Recruitment by Homeland Security,Politics
Artificial Intelligence in Real Estate,Business
Potential TikTok Ban,Politics
"Diversity, Equity, and Inclusion (DEI)",Politics
Gun Safety and Child Neglect,Crime
Twitch Policy Changes,Technology
Artificial Intelligence (AI) in Manufacturing,Technology
Tech Deals,Business
Journalism Freedom and Safety,Journalism
Automotive,Business
AI in Marketing,Business
Libs of TikTok and Bomb Threats,Crime
Partnership between CBS News and Audacy for local news audio streaming,Journalism
Cryptocurrency Fraud Trial,Crime
Urban Sustainable Housing,Housing
Cyberattack on Pennsylvania State Courts,Technology
Supply Chain Digital Transformation,Business
Gaming Influencer,Entertainment
Legislation,Politics
Elon Musk SEC Investigation,Politics
Automotive Industry,Business
Impact of Social Media on Adolescent Health,Health
Beachwear,Lifestyle
Electric Vehicles and Power Grid,Environment
AI Regulation,Politics
Tesla Management and Elon Musk's Tweets Regulation,Politics
Disability Employment,Society
Vision Neue Klasse BMW,Technology
Fire Safety and Decision-Making,Safety
AI-generated nude photos in schools,Technology
Ransomware Attack,Technology
Regulation of Tech Giants,Politics
Data Security Risks of Generative AI,Technology
Artificial General Intelligence (AGI),Technology
Health Misinformation on Social Media,Health
North Korea Missile Launch,War
Neuroscience,Science
AI in Philanthropy,Technology
Tech,Technology
Apple MacBook Pro and MacBook Air,Technology
AI Governance in Corporate Boardrooms,Politics
Netflix Password Sharing Crackdown,Technology
Artificial Intelligence and Cybersecurity,Technology
AI and Chatbot Development for Web3 Applications,Technology
Private Jet Tracking,Travel
Enterprise Security,Technology
Social Media,Technology
Legal Challenge,Legal
LGBTQ+ Online Harassment,Crime
Mixed Reality Headset,Technology
Generative AI in Political Advertising,Politics
Advertising,Business
Local News Preview,Journalism
Artificial Intelligence Regulation,Politics
Cyberattack on Lurie Children's Hospital,Technology
Mark Zuckerberg and Elon Musk Cage Match,Entertainment
Competition between Elon Musk and Mark Zuckerberg,Politics
Environmental Activism,Environment
New Species Discovery,Science
Wildlife Interaction,Environment
Natural Disaster in Libya,Weather
Animal Hoarding,Crime
Earthquake,Weather
Time Management,Business
Wildlife,Environment
Climate Crisis and Government Policy,Politics
Mountain Valley Pipeline,Environment
Hydrogen Energy Transition,Environment
Cherry Blossoms,Lifestyle
Wildfires in Canada and their impact on New York City,Environment
Offshore Wind Energy,Environment
Invasive Species,Environment
Climate Policy,Environment
Marine Life,Environment
Speartooth Shark Discovery,Environment
Climate Activism,Environment
Border Crossing Incident,Immigration
Water Quality,Environment
Wildfires in Canada and their impact on air quality in New England,Environment
Hurricane Dora Wildfires,Environment
Flood Control Infrastructure,Infrastructure
Orca Attacks on Boats,Environment
Amazon Rainforest Protection,Environment
Climate Change,Environment
Elephant Birth/Growth,Environment
Climate Change Accountability and Regulation,Environment
Hydropower and Sustainability,Environment
Renewable Energy Storage,Environment
Wildfires in Quebec,Environment
Folsom Dam Raising and Water Storage,Environment
Oil Spill,Environment
Bear Attack,Accident
Maui Wildfires,Environment
Energy Efficiency,Environment
EU Deforestation Rules and Brazilian Trade Dispute,Politics
Sea Lion Rescue,Environment
"Wildfires and Recovery in Lahaina, Maui",Environment
Westminster Hills Open Space Dog Park,Lifestyle
Climate Change and Wildfires in Canada,Environment
Invasive Species Management and Sustainable Fishing,Environment
Water Shutdown,Infrastructure
Earthquake in Morocco,Weather
Climate Change Impact on Wildlife,Environment
Unusual Wildlife Sighting,Environment
Green Hydrogen Fraud,Crime
Hawaii Wildfires,Environment
Fundraiser,Charity
Carbon Tariffs,Politics
Whales Conservation,Environment
Energy Policy,Politics
Nuclear Decommissioning,Environment
Wildlife Encounters,Environment
Environmental Regulation,Politics
Disaster Experience,Accident
Zoo and Wildlife,Environment
Wildlife Relocation,Environment
Flood Damage and Recovery,Weather
Lithium Mine Controversy,Environment
Earthquake Relief,Weather
Government Policy on Electric Vehicles,Politics
Environmental Regulations,Politics
Germany's Energy Policy,Politics
Climate Change and Fossil Fuels,Environment
Climate Change Policy,Politics
Animal Rescue,Environment
Cannibalism,Crime
Disaster and Evacuation,Accident
Disaster Relief,Charity
Wildfires in Hawaii,Environment
Clean Shipping,Environment
Air Quality,Environment
Marine Life / Whale Disposal,Environment
Grizzly Bear Attack in Banff National Park,Accident
Transgender Rights,Politics
Theatre Production,Entertainment
Interfaith Relations,Religion
Budget Cuts,Politics
Military,Military
Homelessness and Housing,Housing
Relocation of Migrants in Chicago,Immigration
Civil Rights,Politics
Conjoined Twins,Health
Education Policy,Education
Parental Rights,Politics
Gender Identity and Parenting,Family
Homeless Crisis in California,Housing
History of Memorial Day,Society
Women's Empowerment through Education,Education
Homelessness,Housing
Law and Politics,Politics
Refugee Education,Education
Local Government,Politics
IBLP (Institute in Basic Life Principles) and its impact on the Duggar family,Religion
Migrant Crisis in New York City,Immigration
Charity Drive,Charity
Memorial Day Flag Placement Ceremony,Society
Celebrity Feud,Entertainment
Fire at Disabled Care Facility,Accident
Holocaust Remembrance and Anti-Semitism,Culture
Emotional Abuse,Crime
Honor and Remembrance,Society
Racial Discrimination,Crime
Pearl Harbor Remembrance,Society
Mental Health Advocacy,Health
Memorial Day Traditions and Honoring Fallen Heroes,Society
Historical Discrimination against LGBTQ Doctors in England,History
LGBTQ+ Rights,Politics
Food Bank Volunteers Needed,Charity
Homelessness in America,Housing
Political Stance of Corporate Brands,Politics
Parks Development,Infrastructure
Divorce,Family
Homelessness and Food Distribution Regulations,Housing
Free Speech Rights,Politics
Illegal Immigration,Immigration
Legislation to Protect Homeowners from Squatters,Politics
Pop Culture,Entertainment
Dog Biting Incidents,Accident
Travel Friendly Toys,Lifestyle
Illegal Animal Traps,Crime
Squatting,Crime
Workplace Misconduct,Crime
Veterans Day Event and Fundraiser,Charity
LGBTQ+ Rights in Iraq and the Arab World,Politics
Civil Rights Movement,History
Dog Health,Health
Legal Decision on Homelessness,Legal
Honor Ceremony,Society
Mental Health and Therapy Speak on Social Media,Health
LGBTQ Rights and Censorship in Hungary,Politics
Separation,Family
Tragedy,Accident
Sports Scandal,Sports
Brewery Anniversary Celebration,Events
Housing Development,Housing
Elon Musk,Technology
Homelessness and Urban Development,Housing
Submarine Veterans Memorial Day,Military
Ramadan and Eid Al-Fitr,Religion
Historical Event Commemoration,History
Celebrity Birth,Entertainment
Religious Freedom and Homelessness,Religion
Controversy over 'The Blind Side',Entertainment
Homelessness and its impact on a neighborhood,Housing
Centenarian Veteran's Longevity and Volunteer Work,Society
Mental Health,Health
Lottery Win,Lottery
Construction of Hindu Temple in New Jersey,Religion
Migration,Immigration
U.S. Birth Rates,Society
Irish Emigration and its Impact,Immigration
Immigration Crisis,Immigration
Police Chase,Crime
Avalanche Disaster in French Alps,Weather
Railway Accident in India,Accident
Mysterious Deaths of Kansas City Chiefs Fans,Crime
Helicopter Crash,Accident
Dust Storm,Weather
Drowning,Accident
Building Collapse,Accident
Factory Fire and Hazardous Material Violations,Accident
Ship Fire,Accident
Defense and Aerospace,Military
Titanic Submarine Disappearance,Accident
Missing Person,Accident
Sand Collapse Incidents,Accident
Ferry Incident in Greece,Accident
Boat Accident,Accident
Grand Canyon Accident,Accident
Crane Collapse,Accident
Fire,Accident
Bridge Collapse,Accident
Missing Person / Hiking Accident,Accident
Building Safety and Collapse,Infrastructure
Titanic,History
Airplane Accident,Accident
Fire Investigation,Accident
Fire at Paper Mill,Accident
Train Accident,Accident
Rescue Mission,Accident
Titanic Expedition,History
Great Wall Damage,Accident
Air Race Accident,Accident
Missing Submersible Rescue Mission,Accident
Road Traffic Accident,Accident
Key Bridge Collapse,Accident
Lake Safety and Environmental Concerns,Environment
Security Incident,Crime
Rescue,Accident
Insurance Policy Change,Business
Unusual Scoreboard Message,Sports
Avalanches in Tahoe,Weather
Mountaineering,Sports
Pearl Harbor Attack,History
Fire Disaster,Accident
Explosion,Accident
Infrastructure Failure,Infrastructure
Aviation Accident,Accident
Telecommunications,Technology
Shipwreck,Accident
Fire Rescue,Accident
Death,Obituary
Appointment,Politics
White House Security Incident,Politics
Cruise Ship Incident,Accident
Accident/Disaster,Accident
Missing Submersible Search,Accident
Game Show,Entertainment
Supreme Court Decisions,Legal
Business Loans,Business
Student Debt Relief,Education
Investigation,Legal
Racial Discrimination in College Admissions,Education
Affirmative Action in Higher Education,Education
Harvard President Resignation,Education
"Academic Freedom and Diversity, Equity, and Inclusion (DEI) Statements",Education
Parenting Behavior,Family
Inclusive Playground Design,Society
College Admissions,Education
Back to School Preparation,Education
"Motherhood, Workforce Participation, Gender Gap, Child Care",Family
Disney-Florida Relationship,Politics
Identity Fraud,Crime
Antisemitism,Crime
Student Loan Forgiveness,Education
Education Funding Equity,Education
Wage Dispute,Politics
Plagiarism Scandal,Education
Harvard University President Resignation,Education
Musical Instruments,Culture
Education Crisis,Education
Academic Misconduct,Education
Disney-Florida Gov. Ron DeSantis Feud,Politics
Elimination of DEI programs,Politics
Censorship of Literature,Politics
School Building Safety,Education
Ethics in Academia,Education
Affirmative Action in College Admissions,Education
Online Speech Regulation and Antisemitism,Politics
FAFSA Issues,Education
Affordable Small-Dollar Loans,Finance
School Safety,Education
School Enrollment,Education
Affirmative Action,Education
Education Funding,Education
Black History,Culture
Obituary/Tribute,Obituary
Online Education and College Accessibility,Education
STEM Education,Education
Education - Robotics and Innovation,Education
Teachers' Strike and Contract Negotiations,Politics
Antisemitism on Campuses,Crime
School Closures,Education
Morgue Security Scandal,Crime
Teacher Strike,Politics
Transfer Policies and Success Rates for Community College Students,Education
Antisemitism on University Campuses,Crime
Higher Education,Education
Student Debt Cancellation,Education
Early Childhood Education,Education
Prison Literacy Program,Education
A-Level Results 2022,Education
Student Loan Repayment,Education
Student Violence at Brockton High School,Crime
National Debt and Fiscal Policy,Politics
School Security,Education
Antisemitism and Rising Hate Crimes Against Jews,Crime
Back to School,Education
Teacher Shortage,Education
Sexual Assault Scandal at Baylor University,Crime
Teacher Appreciation,Education
Research Misconduct,Education
Student Loan Policy,Education
Billionaires,Business
Humorous Incidents of Inappropriate Child Behavior in Public,Society
Student Loan Debt Cancellation,Education
Education Labor Dispute,Politics
Education Governance,Education
Political Feud between Walt Disney World and Florida Governor Ron DeSantis,Politics
Diversity and Inclusion in the State Department,Politics
School Schedule Change,Education
Ohio State Budget,Politics
Baltimore Bridge Collapse,Accident
Firefighter's Death,Accident
Wildfires in Greece,Environment
Wildfires in Rhodes,Environment
Charity Fire,Accident
Power Outage,Accident
Wildfire,Environment
Disaster and Community Support,Accident
Fire Damage to Church,Accident
House Explosion,Accident
Community Support,Society
Transportation Accident,Accident
Legal Challenge to Offshore Gas Project,Politics
Refinery Fire,Accident
Industrial Fire,Accident
Cave Rescue,Accident
Rebuilding Efforts,Society
Earthquake Preparedness,Weather
Earthquake in Japan,Weather
Bridge Safety,Infrastructure
Explosion at Factory,Accident
Fire Displaces Family Days Before Christmas,Accident
Missing Persons,Accident
Natural Disaster,Weather
Arson at Salvation Army Center,Crime
Housing Displacement and Fire Safety,Housing
Fire Incident,Accident
Pizzeria Fire and Rebuilding Efforts,Accident
Community Response,Society
Building Collapse and Negligence,Accident
Disaster,Accident
Caving Accident,Accident
Rescue Operation,Accident
Train Derailment and its Aftermath in East Palestine,Accident
Typhoon Doksuri,Weather
Wildfire on Rhodes Island,Environment
Fire at Daycare Center,Accident
Transportation Delays,Traffic
Earthquake in Afghanistan,Weather
Maritime Training and Safety,Accident
Surfside Condo Collapse Site,Accident
Earthquake Disaster in Japan,Weather
"Wildfire in Tenerife, Canary Islands",Environment
"House Fire in Fallon, Nevada",Accident
Earthquake and Tsunami,Weather
Industrial Accident,Accident
Vehicle Fire,Accident
Ed Sheeran's Personal Life,Entertainment
Legal Proceedings against Trump,Legal
Ethics Controversy Surrounding Supreme Court Justice Clarence Thomas,Legal
Illicit Marijuana Trade,Crime
Lawsuit over Aretha Franklin's will,Legal
Workplace Culture,Business
Police and Law Enforcement,Crime
Gun Control,Politics
Ethics Scandal,Politics
Justice,Legal
Ethical Misconduct in Supreme Court,Legal
Trump Legal Troubles,Legal
Trump's Twitter Data Investigation,Legal
Elon Musk and Twitter,Technology
Diversity in Judiciary,Politics
Gun Rights,Politics
Defamation,Legal
Legal Troubles of Donald Trump,Legal
Trump's Classified Documents,Legal
Supreme Court,Legal
Rikers Island Jail Violence,Crime
9/11 Attacks,War
Scott Peterson Case,Crime
Wealth Tax,Politics
Sexual Assault Allegations against Kevin Spacey,Crime
2024 Republican Presidential Nomination,Politics
Military Justice,Military
Legal Dispute,Legal
Legal Challenge to Digital Advertising Tax,Politics
Christmas Celebration,Events
Juul Layoffs and Settlements,Business
Legal Proceedings of Former President Donald Trump,Legal
Trump Civil Trial,Legal
Cannabis Industry,Business
Capital Punishment,Politics
Legal and Financial Implications of O.J. Simpson's Death,Legal
Marijuana Regulation,Politics
Jury Tampering Allegations,Legal
White Nationalist Hate Group Lawsuit,Legal
O.J. Simpson,Crime
Defamation Lawsuit,Legal
Fireworks Safety and Regulations,Safety
Spring Break Regulations,Politics
Georgia Election Interference Case,Politics
Trump Defamation Trial,Legal
Ethics in the Supreme Court,Legal
Sexual Assault Allegation,Crime
Legal Pursuit of Donald Trump,Legal
Trump Investigation,Legal
Defamation Trial,Legal
Trump New York Fraud Trial,Legal
Civil Lawsuit against Donald Trump for Battery and Defamation,Legal
Marijuana Business,Business
Abortion,Politics
Lawsuit against Donald Trump,Legal
Drug Treatment Facilities in East Harlem,Health
Guns and Domestic Violence,Crime
Second Amendment Rights,Politics
Legal Troubles of Former President Trump,Legal
Spring Break,Events
Legislation Regarding Drag Shows and Children's Exposure,Politics
Hush Money Trial,Legal
US Politics,Politics
Indigenous Rights and Fashion Event in Brazil,Culture
Supply Chain Communications and AI,Business
Leadership Delegation and its Risks,Business
Housing Affordability for Generation Z,Housing
Gold IRAs,Finance
Personal Loans,Finance
AI and Music Industry Lawsuit,Legal
Artificial Intelligence in Food and Beverage Industry,Technology
Life Insurance,Finance
Inflation and Social Security,Economy
Taxes,Finance
Inflation,Economy
Interest Rates,Economy
Leadership,Business
Gold Investment,Finance
Spa Industry,Business
Sustainable Generative AI,Technology
Career Decisions and Voice,Business
Workplace Flexibility,Business
Electric Vehicles,Technology
Bitcoin ETF Approval,Finance
Investing in Gold Coins,Finance
AI-generated cyber threats,Technology
Car Loans,Finance
Tax Policy,Politics
Rebranding,Business
Financial Advisory Industry Succession Planning,Finance
Data Privacy and Regulation in BNPL Industry,Finance
Cryptocurrency Regulation,Finance
Home Equity Loans and Borrowing,Finance
Energy,Energy
Artificial Intelligence Misuse in Cybercrime,Technology
Personal Finance,Finance
Data Integration Hub (DIH),Technology
Deceptive Advertising,Business
High-Yield Savings Accounts,Finance
Creativity,Culture
Regulation of Stablecoins,Finance
Public Relations,Business
Ford Q3 Earnings and Financial Performance,Finance
Investments,Finance
Taxation,Finance
Exxon Mobil Q1 2024 Earnings,Finance
Climate Change Impact on Home Insurance,Environment
Cryptocurrency,Finance
Mortgage Crisis and Interest Rates,Finance
Mortgage Rates,Finance
Walgreens Stock Performance,Finance
Social Security,Finance
AI Governance and Ethics,Technology
Oil Prices,Energy
Housing Market,Housing
Credit Card Debt Relief,Finance
Generative AI and Data Strategy,Technology
Auto Loan Delinquencies and Economic Impact,Finance
Business Leadership,Business
Workplace Culture and Mental Health,Business
Organizational Culture,Business
Verizon Earnings and Stock Performance,Finance
Stock Market and Precious Metals,Economy
Credit Card Late Fees Regulation,Finance
Adjustable Rate Mortgages,Finance
Meaning at Work,Business
Crypto Regulation,Finance
Certificates of Deposit (CDs),Finance
AI in Government Services,Technology
Credit Card Late Fees,Finance
White-Collar Job Cuts and AI,Business
Brand Management,Business
Interactive Malware Analysis,Technology
Monetary History,Finance
Bitcoin ETF,Finance
Investment and Stock Market,Finance
Tax Planning for Business Owners,Finance
Auto Insurance Rate Increase,Finance
Tax Filing,Finance
Retirement Planning,Finance
Medicare Supplemental Insurance,Health
Commercial Real Estate,Housing
Housing Crisis,Housing
AI in resolving workplace disputes,Technology
Dog Park,Lifestyle
Pet Rescue,Family
Animal,Animals
Dog Training,Lifestyle
Mountain Lions,Animals
Animal Abandonment and Shelter Dogs,Animals
Rhino Conservation,Animals
Petting Zoo Approval,Animals
Animal Adoption and Film Event,Animals
Shark Behavior and Conservation,Animals
Dog Photography,Lifestyle
Lost Dog,Animals
Bear Relocation,Animals
Dog Laws and Enforcement,Politics
Unusual Canine Friendship,Animals
Pet Behavior,Family
Disneyland Incident,Events
Pet Health and Zoonotic Diseases,Health
Birth of Sumatran Orangutan at Denver Zoo,Animals
Animal Cruelty,Crime
Theft,Crime
Moose Attacks on Humans,Animals
Animal Abandonment,Animals
Dog Introductions,Lifestyle
Pet Abandonment,Animals
Zoo Closure,Events
Wildlife Tourism,Travel
Dog Mental Health and Enrichment,Family
Child Lost in Woods,Accident
Animal Welfare,Animals
Pet Adoption,Family
Animal Health,Health
Dog Breeds,Animals
Dog-friendly Policies in Pubs,Lifestyle
Facility Dog at Rocky Mountain Hospital for Children,Health
Animal Abandonment and Rescue,Animals
Animals,Animals
Animal Conservation,Animals
Animal Attack,Accident
Pet Insurance for Dogs,Finance
Reality TV Show: Alone,Entertainment
Dog Recovery,Family
Animal Intelligence,Animals
Animal Birth,Animals
Wildlife Conservation,Animals
Animal Recovery,Animals
Police Encounters,Crime
Burmese Python Hunt Competition,Animals
Wildlife Rescue,Animals
Safety Awareness,Society
Neighbor Dispute,Crime
Bachelor Party,Events
Crocodile Attack,Accident
Anthropomorphism,Culture
Zoo Animal Deception,Animals
Dog Nutrition,Lifestyle
Pet Adoptions,Family
Pet Health,Health
Wildlife/Nature,Animals
Pet Theft,Crime
Pet Care Industry,Business
Dog Attack,Accident
Rattlesnake Removal,Animals
Grizzly Bear Attack,Accident
Personal Growth and Pet Ownership,Lifestyle
Shark Migration,Animals
NYC Migrant Crisis,Immigration
Migrant Crisis,Immigration
Housing Crisis and Rezoning,Housing
Migrant Shelters and Health Crisis,Health
Rikers Island Closure,Politics
Immigration and Education,Education
Housing of Illegal Immigrants in Chicago,Housing
Migrant Housing Policy,Immigration
Migration Crisis in Europe,Immigration
Asylum Seekers in Chicago,Immigration
Migration Crisis,Immigration
Immigration and Homelessness,Housing
Immigrant Shipwreck,Immigration
Royal Security,Politics
Asylum Seekers,Immigration
Environmental Health and Safety,Environment
New York's Migrant Crisis,Immigration
Asylum Seekers and Immigration,Immigration
Migrants,Immigration
Border Control,Politics
Migrant Boat Disaster,Immigration
Border Crossing Crisis,Immigration
Migrant Tent Camps,Immigration
SpaceX Discrimination Lawsuit,Legal
Prince Harry's Security,Politics
Boat Accident in Nigeria,Accident
Abolition of Public Advocate Office,Politics
Boat Incident,Accident
Protest Against Migrant Base Camp,Protests
Environmental Pollution,Environment
Migration Crisis Management,Immigration
Border Barrier Controversy,Politics
Immigration Policy and Migrant Crisis,Immigration
Asylum Seeker Crisis,Immigration
Border Crisis,Immigration
Asylum Seekers Eviction,Immigration
Migrant Crisis in Chicago,Immigration
Asylum Seekers Relocation,Immigration
Migrant Surge at Northern Border,Immigration
Protest Against Migrant Shelter,Protests
Migrant Housing,Immigration
Migrant Assistance,Immigration
Immigration and National Security,Politics
Immigration Crisis in New York,Immigration
Urban Migration and City Policies,Politics
Chicago Migrant Crisis,Immigration
Homeless Crime Prevention,Crime
Immigration Crisis in New York City,Immigration
Restaurant Opening,Business
Kitchen Gifts and Gadgets,Lifestyle
Palm Beach Food & Wine Festival,Events
Folk Art,Culture
Real Estate Development and Neighborhood Growth,Housing
Health and Nutrition,Health
Fruit Harvest,Agriculture
Fabergé and Champagne,Lifestyle
Starbucks Pumpkin Spice Latte,Business
Food and Beverage,Business
Printers Row Literary Festival,Events
Culinary,Lifestyle
Thanksgiving,Events
Events,Events
Luxury Hotels in London,Travel
Luxury Office Building,Business
Inflation and Food Prices,Economy
Food Bank,Charity
Foraging and Cooking with Mushrooms,Lifestyle
Grief Awareness and Support,Health
Rosé Wine,Lifestyle
Turkey Trot Charity 5K,Events
Spring Open House,Events
Food and Beverage Event,Events
Disney World,Entertainment
Beauty & Cocktails,Lifestyle
Midnight Snacks,Lifestyle
Brewery,Business
Food and Dining,Lifestyle
Restaurant Industry Adapting to Changes in Consumer Habits,Business
Event,Events
Louisville Restaurants,Lifestyle
Beer Sales and Packaging Trends,Business
Dining and Restaurant Reviews,Lifestyle
Labor Market,Economy
Food Tours,Lifestyle
Food & Dining,Lifestyle
Food Scene in Sacramento,Lifestyle
Spirits Awards,Business
Small Businesses,Business
Charity Event,Events
Events in San Antonio,Events
Gluten-Free Food and Recipes,Lifestyle
Food and Restaurants,Lifestyle
Chicago Culture,Lifestyle
Haunted Places,Lifestyle
Food Festival,Events
Restaurant Opening and City Guide,Business
Thanksgiving Cooking Tips and Leftover Recipes,Lifestyle
Social Services,Society
Data Privacy,Technology
Denver Restaurant Week,Events
Cooking and Food,Lifestyle
Expansion of Primanti Bros. Restaurant,Business
Restaurant Photography Popularity,Business
Orchids,Lifestyle
Golden Gate Bakery,Lifestyle
Mediterranean Diet,Health
Wine Flood,Accident
Reese's Peanut Butter Cups,Lifestyle
Food Waste Management,Environment
Community Assistance,Charity
Ice Cream Making,Lifestyle
Thanksgiving Celebrations,Events
Oktoberfest,Events
Food & Dessert,Lifestyle
Hispanic Street Festival,Events
Shopping,Business
Miami Food Scene,Lifestyle
Multiday Events,Events
2023 Minnesota State Fair Foods,Events
Solar Eclipse,Science
Geriatric Medicine,Health
Space Exploration,Science
Nobel Peace Prize,Culture
Lantern Festival at Ross Park Zoo,Events
Solar Eclipse Safety,Science
Total Solar Eclipse,Science
Asteroid Sample Analysis,Science
Astronomy,Science
Agricultural Development and Sustainability,Environment
Ancient Mastodon Discovery,Science
Lifestyle,Lifestyle
Nobel Prize in Medicine,Culture
India’s Successful Chandrayaan-3 Lunar Mission,Science
Asteroid Exploration,Science
Astronomical Event and Religious Freedom,Culture
Nature,Environment
Gender Gap in Labor Market,Society
Women’s Rights and Democracy in Iran,Politics
Climate Change in Antarctica,Environment
Lightning Strike Incident,Accident
Exoplanets and Exoastronomy,Science
Eclipse,Science
Commercial Spaceflight,Science
UFO Sightings,Science
Armenian Cuisine and Wine,Lifestyle
Dance,Lifestyle
Astronomy and Animal Behavior,Science
Space Mission,Science
Transportation,Transportation
Nobel Prize in Chemistry,Culture
Total Solar Eclipse in Dallas,Science
Asteroid Sample Collection,Science
Space Tourism,Science
Asteroids,Science
Space Travel and Human Physiology,Science
Paleontology,Science
Space Junk,Science
Space Debris Incident,Accident
Infrared Telescopes,Science
Total Solar Eclipse in Texas,Science
Newly Discovered Species in Los Angeles,Science
Accessibility for Visually Impaired during Solar Eclipse,Society
Halley’s Comet,Science
Solar Eclipse and STEM Education,Education
NASA Mars Simulation,Science
Train Derailment,Accident
Congestion Pricing Plan,Politics
Unusual Air Travel Experience,Travel
Transportation Disruption,Transportation
Congestion Pricing,Politics
Subway Safety,Transportation
Train Derailment and Compensation,Accident
Flight Cancellations,Travel
Air Travel Disruptions,Travel
Airline Disruption,Travel
Transport Infrastructure,Infrastructure
Residential Parking Permits,Politics
SEPTA Transit Police Strike,Politics
Transport,Transportation
Lyft’s Women+ Connect Program,Technology
SEPTA Regional Rail Schedule Changes,Transportation
Infrastructure,Infrastructure
Technical Issue at Alaska Airlines,Travel
Rail Service Resumption,Transportation
Rail Expansion in Ohio,Infrastructure
Airplane Threat,Crime
Ship Accident,Accident
Government Policy,Politics
Infrastructure and Urban Development,Infrastructure
Aircraft Safety Incident,Accident
Arson Investigation and Freeway Fire,Accident
Rideshare Services in Minneapolis,Business
Weather Delays at Airports,Weather
Airline Boarding Process Changes,Travel
Aircraft Safety Regulations and Inspections,Accident
Airport Incident,Accident
Infrastructure Development and Traffic Management,Infrastructure
Infrastructure Disaster and Traffic Congestion,Infrastructure
Valley Link Commuter Rail,Transportation
Airline Delays and Cancellations,Travel
Homeless Crisis,Housing
Railroad Safety,Transportation
Lead Pipe Replacement,Infrastructure
Air Travel Incident,Travel
Infrastructure Development,Infrastructure
Water Crisis,Environment
BART Extension,Transportation
Rear Seat Safety in Minivans,Safety
Law Enforcement Activity,Crime
Metra Fare Changes,Transportation
Airline Industry,Business
Infrastructure Maintenance,Infrastructure
Plastic Product Ban,Environment
Airplane Crash,Accident
Sumner Tunnel Construction,Infrastructure
Rideshare Strike,Politics
Government Funding for Transport Infrastructure,Politics
Roadwork and Traffic Delays,Transportation
Congestion Pricing in New York City,Politics
Public Transportation Disruption,Transportation
Airline Meltdown and Fine,Travel
Affordable Housing,Housing
Aircraft Diversion,Travel
Rider Safety on Metro Transit,Transportation
E-Scooter Safety Concerns,Safety
Guided Busway Infrastructure,Infrastructure
Airport Noise Control,Politics
Airport Operations,Transportation
Aviation Incident,Accident
737 Max Inspection Process,Accident
Transportation Delay,Transportation
Transportation Policy,Politics
